Row,Div,Date,HomeTeam,AwayTeam,FTHG,FTAG,FTR,HTHG,HTAG,HTR,B365H,B365D,B365A,BWH,BWD,BWA,GBH,GBD,GBA,IWH,IWD,IWA,LBH,LBD,LBA,SBH,SBD,SBA,WHH,WHD,WHA,GB>2.5,GB<2.5,GBAHH,GBAHA,GBAH,,,,,,,,,,
2,I2,10/09/04,Torino,Verona,3,1,H,3,0,H,1.4,3.5,8,1.45,3.45,7,1.45,3.4,7.1,1.5,3.1,5.7,1.5,3.2,7,1.44,3.4,7,1.45,3.5,6.5,1.74,1.85,1.85,1.87,-1,,,,,,,,,,
3,I2,11/09/04,Arezzo,Catania,3,1,H,3,1,H,2.375,2.625,3.1,2.3,2.6,3.3,2.35,2.6,3.2,2.3,2.5,3,,,,2.4,2.6,3.1,2.35,2.65,3.1,1.95,1.66,2.1,1.67,-0.25,,,,,,,,,,
4,I2,11/09/04,Catanzaro,Bari,2,1,H,1,1,D,2,2.7,4,2,2.6,4.2,2,2.65,4.1,2,2.6,3.5,2,2.5,4.33,2,2.7,4,2.05,2.65,3.8,2,1.61,1.7,2.05,-0.25,,,,,,,,,,
5,I2,11/09/04,Cesena,Triestina,1,0,H,1,0,H,2.5,2.5,3.1,2.5,2.5,3.1,2.45,2.55,3.1,2.4,2.5,2.9,2.5,2.5,3.1,2.5,2.5,3.1,2.45,2.6,3,1.95,1.66,2.1,1.67,-0.25,,,,,,,,,,
6,I2,11/09/04,Empoli,Ascoli,2,1,H,1,1,D,2.2,2.5,3.75,2.2,2.5,3.8,2.15,2.55,3.75,2.1,2.5,3.4,2.2,2.6,3.5,2.1,2.6,3.75,2.1,2.6,3.8,1.8,1.8,1.9,1.8,-0.25,,,,,,,,,,
7,I2,11/09/04,Perugia,Crotone,2,1,H,2,0,H,1.533,3.1,6.5,1.5,3.25,6.5,1.55,3.1,6.45,1.5,3.1,5.7,1.5,3.2,7,1.57,3.1,6,1.55,3.1,6.5,1.8,1.8,2.05,1.7,-1,,,,,,,,,,
8,I2,11/09/04,Pescara,Piacenza,1,2,A,0,1,A,2.75,2.625,2.625,2.75,2.55,2.7,2.75,2.55,2.7,2.6,2.5,2.6,2.7,2.6,2.7,2.7,2.6,2.7,2.7,2.6,2.7,1.95,1.66,2.05,1.7,0,,,,,,,,,,
9,I2,11/09/04,Salernitana,Treviso,0,0,D,0,0,D,1.909,2.625,4.5,1.85,2.65,4.9,1.85,2.65,4.9,1.85,2.6,4.2,1.909,2.625,4.5,1.85,2.7,4.75,1.85,2.7,4.6,1.85,1.74,1.85,1.72,-0.5,,,,,,,,,,
10,I2,11/09/04,Venezia,Albinoleffe,0,2,A,0,2,A,2.2,2.625,3.4,2.15,2.55,3.75,2.15,2.6,3.65,2.1,2.5,3.4,2.1,2.6,3.75,2.1,2.6,3.75,2.1,2.6,3.8,1.9,1.7,2.15,1.52,-0.5,,,,,,,,,,
11,I2,11/09/04,Vicenza,Ternana,1,0,H,0,0,D,2.1,2.625,3.75,2.1,2.5,4,2.05,2.55,4.1,1.9,2.6,3.9,2.1,2.5,4,2,2.6,4.2,2.1,2.6,3.8,1.9,1.7,1.77,1.95,-0.25,,,,,,,,,,
12,I2,13/09/04,Modena,Genoa,1,1,D,0,0,D,2.25,2.6,3.4,2.35,2.5,3.35,2.25,2.55,3.45,2.3,2.5,3,2.5,2.5,3,2.3,2.62,3.25,2.3,2.6,3.3,1.9,1.7,1.7,2.05,0,,,,,,,,,,
13,I2,17/09/04,Catania,Vicenza,1,0,H,1,0,H,2,2.75,4,2.05,2.65,4,2,2.6,4.2,2,2.6,3.7,2.1,2.75,3.75,2.1,2.7,3.6,1.9,2.75,4.2,1.9,1.7,1.8,1.9,-0.25,,,,,,,,,,
14,I2,17/09/04,Piacenza,Venezia,2,1,H,0,0,D,1.53,3.4,6,1.35,3.9,8,1.37,3.75,7.75,1.4,3.3,7.5,1.364,3.75,9,1.44,3.6,6.5,1.44,3.55,6.5,1.85,1.74,1.77,1.95,-1,,,,,,,,,,
15,I2,18/09/04,Albinoleffe,Modena,2,0,H,2,0,H,2.5,2.62,3,2.5,2.5,3.1,2.45,2.55,3.1,2.4,2.5,3,2.4,2.5,3.2,2.4,2.6,3.1,2.6,2.7,2.7,2,1.61,1.7,2.05,0,,,,,,,,,,
16,I2,18/09/04,Ascoli,Torino,0,3,A,0,1,A,2.62,2.62,2.75,2.85,2.5,2.65,2.75,2.6,2.65,2.7,2.5,2.6,2.875,2.625,2.625,2.62,2.62,2.75,2.75,2.6,2.65,1.74,1.85,1.95,1.77,0,,,,,,,,,,
17,I2,18/09/04,Bari,Perugia,1,1,D,1,1,D,2.5,2.6,2.9,2.75,2.55,2.7,2.65,2.6,2.75,2.6,2.5,2.7,2.625,2.625,2.875,2.5,2.6,2.9,2.5,2.55,3,1.85,1.74,1.8,1.9,0,,,,,,,,,,
18,I2,18/09/04,Crotone,Cesena,0,1,A,0,0,D,2.1,2.62,3.75,2.1,2.5,4,2.1,2.6,3.8,2,2.5,4,2.1,2.625,3.75,2.1,2.7,3.6,2.05,2.65,3.8,1.95,1.66,1.77,1.95,-0.25,,,,,,,,,,
19,I2,18/09/04,Genoa,Pescara,2,0,H,1,0,H,1.5,3.4,6,1.35,3.85,8,1.37,3.75,7.75,1.4,3.3,7.5,1.444,3.5,7,1.4,3.75,7,1.4,3.6,7.5,1.74,1.85,1.95,1.77,-1.25,,,,,,,,,,
20,I2,18/09/04,Ternana,Salernitana,1,1,D,1,0,H,1.83,2.62,5,2,2.65,4,2,2.6,4.2,1.9,2.6,4.1,2,2.625,4.333,1.91,2.62,4.5,1.95,2.6,4.3,1.85,1.74,2,1.61,-0.5,,,,,,,,,,
21,I2,18/09/04,Treviso,Arezzo,1,4,A,0,1,A,2,2.87,3.75,2.3,2.45,3.55,2.25,2.55,3.5,2.2,2.5,3.3,2.3,2.625,3.25,2.1,2.7,3.6,2.15,2.65,3.5,1.9,1.7,1.8,1.9,-0.25,,,,,,,,,,
22,I2,18/09/04,Triestina,Catanzaro,1,0,H,1,0,H,1.8,3,4.33,1.8,2.65,5.2,1.8,2.65,5.25,1.75,2.7,4.8,1.8,2.625,5.5,1.8,2.8,4.75,1.75,2.75,5.2,1.95,1.66,1.8,1.76,-0.5,,,,,,,,,,
23,I2,18/09/04,Verona,Empoli,0,1,A,0,1,A,2.5,2.75,2.87,2.65,2.5,2.85,2.6,2.6,2.8,2.6,2.5,2.7,2.5,2.625,3,2.6,2.6,2.8,2.5,2.6,2.9,1.85,1.74,1.7,2.05,0,,,,,,,,,,
24,I2,21/09/04,Arezzo,Ascoli,0,0,D,0,0,D,1.66,2.75,6.5,1.65,2.85,6,1.65,2.75,6.5,,,,1.7,2.8,5.5,1.67,2.8,6,1.75,2.75,5.2,1.8,1.8,1.85,1.85,-0.75,,,,,,,,,,
25,I2,21/09/04,Catanzaro,Catania,2,3,A,1,1,D,2.3,2.62,3.25,2.35,2.5,3.35,2.3,2.55,3.35,2.3,2.5,3.1,2.2,2.62,3.4,2.3,2.6,3.25,2.2,2.5,3.65,2,1.61,1.95,1.75,-0.25,,,,,,,,,,
26,I2,21/09/04,Cesena,Bari,1,1,D,1,0,H,1.8,2.62,5.5,1.9,2.6,4.7,1.9,2.65,4.5,1.9,2.7,3.9,2,2.62,4,1.91,2.7,4.33,1.95,2.8,3.9,2,1.61,1.9,1.67,-0.5,,,,,,,,,,
27,I2,21/09/04,Empoli,Ternana,1,1,D,1,0,H,1.83,2.7,5,1.75,2.6,5.75,1.77,2.7,5.3,1.8,2.6,4.7,1.9,2.62,4.5,1.8,2.7,5,1.75,2.7,5.5,1.95,1.66,1.77,1.79,-0.5,,,,,,,,,,
28,I2,21/09/04,Modena,Piacenza,1,0,H,0,0,D,2.3,2.62,3.25,2.3,2.5,3.45,2.25,2.55,3.5,2.3,2.5,3.1,2.38,2.5,3.25,2.25,2.6,3.4,2.1,2.5,4,1.95,1.66,1.95,1.75,-0.25,,,,,,,,,,
29,I2,21/09/04,Perugia,Treviso,2,0,H,1,0,H,1.5,3.25,6.5,1.45,3.3,7.7,1.47,3.25,7.5,1.45,3.2,6.7,1.5,3.1,7.5,1.5,3.25,6.5,1.5,3.15,7,1.9,1.7,1.85,1.85,-1,,,,,,,,,,
30,I2,21/09/04,Pescara,Albinoleffe,1,3,A,0,1,A,2.5,2.6,3,2.45,2.45,3.25,2.55,2.55,2.9,2.4,2.5,3,2.4,2.5,3.2,2.4,2.6,3.1,2.4,2.5,3.2,2,1.61,1.75,1.95,0,,,,,,,,,,
31,I2,21/09/04,Torino,Genoa,2,1,H,0,0,D,2.75,3,2.37,2.65,3.05,2.45,3,3,2.25,2.7,2.9,2.4,2.75,3,2.38,2.8,3,2.38,2.7,3,2.37,1.9,1.7,1.95,1.63,-0.5,,,,,,,,,,
32,I2,21/09/04,Venezia,Verona,3,2,H,0,2,A,2,2.4,5,2.1,2.55,3.95,2.05,2.55,4.1,2.1,2.5,3.6,1.9,2.62,4.5,2.1,2.5,4,2,2.6,4.1,2,1.61,1.75,1.95,-0.25,,,,,,,,,,
33,I2,21/09/04,Vicenza,Crotone,3,2,H,1,1,D,1.66,2.75,6.5,1.7,2.75,5.75,1.71,2.75,5.7,1.7,2.7,5.2,1.8,2.75,5,1.73,2.75,5.5,,,,1.95,1.66,1.95,1.75,-0.75,,,,,,,,,,
34,I2,22/09/04,Salernitana,Triestina,3,3,D,1,3,A,2.2,2.6,3.5,2.15,2.55,3.75,2.1,2.65,3.7,2.1,2.5,3.6,2.1,2.625,3.75,2.2,2.62,3.5,2.1,2.6,3.75,1.95,1.66,1.75,1.95,-0.25,,,,,,,,,,
35,I2,24/09/04,Ascoli,Catanzaro,1,0,H,1,0,H,2,2.6,4,2,2.7,4,1.97,2.7,4,2,2.6,3.7,1.9,2.75,4.2,2,2.7,4,2,2.6,4.1,1.95,1.66,1.97,1.61,-0.5,,,,,,,,,,
36,I2,25/09/04,Albinoleffe,Vicenza,2,1,H,1,0,H,2,2.6,4,2.1,2.5,4.05,2.05,2.55,4,2.1,2.6,3.4,2,2.6,4.2,2.1,2.6,3.75,2.15,2.6,3.6,2,1.61,1.77,1.95,-0.25,,,,,,,,,,
37,I2,25/09/04,Bari,Torino,0,1,A,0,0,D,3.1,2.5,2.5,3.2,2.5,2.45,3,2.55,2.5,2.9,2.6,2.4,3.1,2.5,2.5,3,2.6,2.5,2.9,2.6,2.5,1.9,1.7,2.05,1.7,0,,,,,,,,,,
38,I2,25/09/04,Catania,Perugia,0,0,D,0,0,D,2.37,2.5,3.25,2.4,2.5,3.25,2.4,2.5,3.25,2.3,2.6,3,2.3,2.62,3.25,2.4,2.62,3.1,2.3,2.65,3.15,1.95,1.66,1.7,2.05,0,,,,,,,,,,
39,I2,25/09/04,Crotone,Modena,1,0,H,0,0,D,2.62,2.5,2.87,2.7,2.5,2.85,2.5,2.55,3,2.5,2.5,2.8,2.62,2.6,2.8,2.6,2.6,2.8,2.5,2.55,3,2,1.61,1.8,1.9,0,,,,,,,,,,
40,I2,25/09/04,Genoa,Salernitana,5,0,H,2,0,H,1.66,2.87,5.5,1.6,3,6.1,1.6,2.9,6.5,1.65,2.9,5,1.66,2.8,6,1.62,3,5.75,1.65,2.95,5.5,1.95,1.66,1.8,1.9,-0.75,,,,,,,,,,
41,I2,25/09/04,Piacenza,Cesena,2,1,H,0,0,D,1.66,2.87,5.5,1.7,2.75,5.9,1.65,2.85,6,1.7,2.8,4.9,1.66,2.8,6,1.7,2.8,5.5,1.7,2.9,5.1,1.9,1.7,1.9,1.8,-0.75,,,,,,,,,,
42,I2,25/09/04,Ternana,Venezia,2,0,H,1,0,H,1.72,2.87,5,1.75,2.75,5.35,1.7,2.8,5.5,1.7,2.8,4.9,1.72,2.75,5.5,1.73,2.8,5.25,1.7,2.9,5.1,1.9,1.7,1.97,1.75,-0.75,,,,,,,,,,
43,I2,25/09/04,Treviso,Pescara,1,1,D,1,1,D,1.8,2.87,4.5,1.8,2.75,4.9,1.77,2.75,5,1.8,2.7,4.4,1.83,2.62,5,1.8,2.8,4.75,1.75,2.87,4.75,1.9,1.7,1.77,1.77,-0.5,,,,,,,,,,
44,I2,25/09/04,Triestina,Empoli,3,4,A,2,2,D,2.1,2.5,4,2.1,2.5,4.05,2.05,2.55,4,2.1,2.5,3.6,2.1,2.62,3.75,2.1,2.6,3.75,2.05,2.6,3.9,1.95,1.66,1.8,1.9,-0.25,,,,,,,,,,
45,I2,27/09/04,Verona,Arezzo,5,3,H,2,3,A,2.75,2.5,2.75,2.85,2.55,2.65,2.8,2.6,2.6,2.6,2.6,2.6,2.75,2.6,2.62,2.8,2.6,2.6,2.7,2.62,2.65,1.95,1.66,1.85,1.85,0,,,,,,,,,,
46,I2,01/10/04,Perugia,Genoa,2,2,D,0,1,A,2.2,2.5,3.75,2.2,2.5,3.75,2.1,2.6,3.8,2.2,2.6,3.2,2.2,2.5,3.75,2.1,2.62,3.75,2.1,2.7,3.55,2,1.61,1.82,1.89,-0.25,,,,,,,,,,
47,I2,01/10/04,Vicenza,Piacenza,4,2,H,0,1,A,2.25,2.62,3.4,2.55,2.5,3.05,2.3,2.55,3.3,2.4,2.6,2.9,2.3,2.6,3.2,2.38,2.62,3.1,2.1,2.7,3.55,2,1.61,2.05,1.7,-0.25,,,,,,,,,,
48,I2,02/10/04,Arezzo,Triestina,1,2,A,1,2,A,1.9,2.75,4.33,1.8,2.7,5.1,1.85,2.7,4.6,1.85,2.6,4.4,1.83,2.75,4.5,1.91,2.7,4.33,2,2.65,4,1.8,1.8,1.85,1.7,-0.5,,,,,,,,,,
49,I2,02/10/04,Ascoli,Treviso,2,1,H,1,0,H,1.9,2.5,5,1.65,2.75,6.5,1.7,2.85,5.4,1.75,2.7,4.8,1.75,2.8,5,1.8,2.7,5,1.9,2.7,4.3,1.8,1.8,1.95,1.77,-0.75,,,,,,,,,,
50,I2,02/10/04,Bari,Albinoleffe,1,1,D,0,1,A,2.4,2.75,2.9,2.6,2.55,2.9,2.45,2.65,2.95,2.6,2.6,2.7,2.6,2.6,2.8,2.5,2.62,2.88,2.25,2.65,3.25,2,1.61,1.81,1.9,0,,,,,,,,,,
51,I2,02/10/04,Catanzaro,Crotone,2,2,D,2,0,H,1.9,2.87,4,1.85,2.65,4.8,1.87,2.75,4.45,1.9,2.6,4.2,2,2.7,4,1.91,2.7,4.33,1.85,2.75,4.45,1.8,1.8,1.87,1.7,-0.5,,,,,,,,,,
52,I2,02/10/04,Cesena,Verona,0,1,A,0,0,D,1.8,2.75,5,1.85,2.65,4.8,1.85,2.7,4.7,1.85,2.7,4.2,1.83,2.6,5,1.85,2.75,4.5,1.8,2.75,4.75,1.95,1.66,1.85,1.71,-0.5,,,,,,,,,,
53,I2,02/10/04,Empoli,Salernitana,3,0,H,1,0,H,1.72,2.75,5.5,1.75,2.75,5.4,1.68,2.85,5.7,1.65,2.8,5.3,1.7,2.8,5.5,1.7,2.8,5.5,1.65,2.8,6,1.85,1.74,1.93,1.78,-0.75,,,,,,,,,,
54,I2,02/10/04,Modena,Ternana,4,0,H,1,0,H,1.9,2.75,4.33,1.9,2.6,4.7,1.87,2.7,4.55,1.9,2.6,4.2,2,2.7,4,1.91,2.7,4.33,1.9,2.7,4.3,2,1.61,0.87,1.96,-0.5,,,,,,,,,,
55,I2,02/10/04,Torino,Catania,2,1,H,0,0,D,1.66,3,5.5,1.6,2.9,6.5,1.62,2.95,6,1.6,2.9,5.5,1.62,2.8,6.5,1.62,3,5.75,1.72,2.75,5.4,1.8,1.8,1.88,1.83,-0.75,,,,,,,,,,
56,I2,02/10/04,Venezia,Pescara,1,1,D,0,0,D,1.9,2.87,4,1.8,2.75,5,1.85,2.7,4.65,1.8,2.7,4.4,1.83,2.75,4.5,1.91,2.75,4.2,1.9,2.7,4.3,1.95,1.66,1.85,1.71,-0.5,,,,,,,,,,
57,I2,06/10/04,Albinoleffe,Catanzaro,1,1,D,1,0,H,1.72,2.75,5.5,1.65,2.95,5.8,1.65,2.9,5.7,1.6,2.8,5.7,1.7,2.8,5.5,1.67,2.88,5.5,1.65,2.8,6,1.85,1.74,1.65,1.92,-0.5,,,,,,,,,,
58,I2,06/10/04,Catania,Ascoli,2,2,D,0,1,A,1.83,2.62,5,1.75,2.7,5.5,1.75,2.7,5.5,1.8,2.6,4.6,1.8,2.7,5,1.8,2.7,5,1.75,2.75,5.2,1.9,1.7,1.75,1.81,-0.5,,,,,,,,,,
59,I2,06/10/04,Crotone,Torino,2,1,H,0,0,D,3.25,2.6,2.3,3.3,2.7,2.25,3.3,2.7,2.2,3,2.6,2.3,3.3,2.62,2.25,3.4,2.6,2.25,3.25,2.65,2.25,1.95,1.66,1.49,2.2,0.5,,,,,,,,,,
60,I2,06/10/04,Genoa,Vicenza,5,2,H,2,1,H,1.72,2.75,5.5,1.6,2.95,6.5,1.65,2.9,5.7,1.65,2.9,5,1.7,2.8,5.5,1.7,2.88,5.25,1.65,2.8,6,1.7,1.9,1.65,1.92,-0.5,,,,,,,,,,
61,I2,06/10/04,Pescara,Modena,2,0,H,0,0,D,2.75,2.5,2.75,2.75,2.6,2.7,2.75,2.6,2.65,2.65,2.6,2.65,2.9,2.5,2.6,2.7,2.6,2.7,2.45,2.75,2.8,1.9,1.7,1.34,2.65,0.5,,,,,,,,,,
62,I2,06/10/04,Piacenza,Empoli,1,3,A,0,1,A,2.1,2.75,3.5,2.1,2.65,3.7,2.1,2.6,3.8,2.2,2.6,3.2,2.1,2.75,3.4,2.1,2.7,3.6,2.05,2.65,3.8,1.85,1.74,2.1,1.54,-0.5,,,,,,,,,,
63,I2,06/10/04,Salernitana,Perugia,0,2,A,0,1,A,2.7,2.75,2.6,2.75,2.6,2.7,2.7,2.6,2.7,2.75,2.55,2.6,2.75,2.62,2.6,2.7,2.6,2.7,2.62,2.7,2.65,1.8,1.8,2.7,1.32,-0.5,,,,,,,,,,
64,I2,06/10/04,Ternana,Arezzo,1,1,D,0,0,D,2,2.7,4,2.1,2.7,3.6,2.1,2.7,3.6,2,2.6,3.7,2.1,2.62,3.75,2.1,2.7,3.6,2.1,2.7,3.55,1.8,1.8,2.1,1.54,-0.5,,,,,,,,,,
65,I2,06/10/04,Triestina,Treviso,1,0,H,1,0,H,1.66,2.87,5.5,1.6,2.9,6.5,1.6,2.9,6.5,1.6,2.9,5.4,1.57,3,6.5,1.6,3,6,1.6,2.87,6.4,1.85,1.74,1.6,2.01,-0.5,,,,,,,,,,
66,I2,06/10/04,Venezia,Cesena,0,2,A,0,0,D,2.2,2.6,3.5,2.15,2.6,3.7,2.1,2.65,3.7,2.1,2.6,3.4,2.1,2.62,3.75,2.1,2.62,3.75,2.15,2.7,3.4,1.9,1.7,2.1,1.54,-0.5,,,,,,,,,,
67,I2,06/10/04,Verona,Bari,0,0,D,0,0,D,2,2.7,4,1.85,2.7,4.7,1.8,2.75,4.8,1.8,2.7,4.4,2,2.62,4,1.85,2.75,4.5,1.85,2.75,4.5,1.9,1.7,1.8,1.75,-0.5,,,,,,,,,,
68,I2,10/10/04,Arezzo,Crotone,3,0,H,0,0,D,1.83,2.75,4.5,1.77,2.75,5.2,1.85,2.75,4.6,2,2.6,3.7,1.8,2.7,5,1.85,2.75,4.5,1.9,2.75,4.2,1.85,1.74,1.85,1.72,-0.5,,,,,,,,,,
69,I2,10/10/04,Ascoli,Verona,2,1,H,0,0,D,1.83,2.62,5,1.85,2.55,5.3,1.83,2.65,5,1.85,2.7,4.2,1.8,2.7,5,1.85,2.75,4.5,1.83,2.7,4.8,1.9,1.7,1.83,1.73,-0.5,,,,,,,,,,
70,I2,10/10/04,Bari,Genoa,0,1,A,0,1,A,3.25,2.5,2.37,3.45,2.65,2.2,3.3,2.65,2.25,2.8,2.6,2.5,3.4,2.62,2.2,3.25,2.7,2.25,3,2.7,2.37,1.85,1.74,1.47,2.25,0.5,,,,,,,,,,
71,I2,10/10/04,Catania,Triestina,2,1,H,0,0,D,2,2.6,4,1.9,2.65,4.6,1.93,2.65,4.4,2.2,2.5,3.4,2,2.62,4,2,2.7,4,2.1,2.6,3.75,1.9,1.7,1.93,1.65,-0.5,,,,,,,,,,
72,I2,10/10/04,Catanzaro,Salernitana,3,0,H,2,0,H,1.72,2.87,5,1.7,2.85,5.5,1.8,2.85,4.6,1.9,2.7,4,1.72,2.87,5,1.73,2.88,5,1.83,2.7,4.8,1.8,1.8,1.8,1.76,-0.5,,,,,,,,,,
73,I2,10/10/04,Modena,Venezia,1,0,H,1,0,H,1.57,3.25,5.5,1.55,3.15,6.2,1.6,3,6.1,1.6,3,5.2,1.57,3,6.5,1.57,3.1,6,1.72,2.9,5,,,1.6,2.01,-0.5,,,,,,,,,,
74,I2,10/10/04,Perugia,Cesena,1,1,D,0,0,D,1.57,3.25,5.5,1.5,3.3,7,1.55,3.1,6.5,1.6,3,5.2,1.61,2.8,6.5,1.57,3.1,6,1.72,2.9,5,1.9,1.7,1.55,2.1,-0.5,,,,,,,,,,
75,I2,10/10/04,Torino,Piacenza,0,1,A,0,0,D,1.61,3.25,5,1.5,3.2,7,1.65,2.9,5.8,1.75,2.8,4.5,1.61,2.87,6,1.62,3,5.75,1.8,2.7,5,1.8,1.8,2.2,1.49,-0.5,,,,,,,,,,
76,I2,10/10/04,Treviso,Ternana,3,1,H,0,0,D,2.25,2.5,3.6,2.15,2.65,3.65,2.2,2.6,3.5,2.2,2.6,3.2,2.2,2.62,3.4,2.3,2.6,3.25,2.2,2.6,3.5,2.2,1.51,1.65,1.93,-0.5,,,,,,,,,,
77,I2,10/10/04,Vicenza,Pescara,0,0,D,0,0,D,1.72,2.87,5,1.65,2.9,6,1.7,2.85,5.45,1.7,2.8,4.8,1.72,2.75,5.5,1.73,2.88,5,1.72,2.9,5,1.9,1.7,1.7,1.87,-0.5,,,,,,,,,,
78,I2,11/10/04,Empoli,Albinoleffe,1,0,H,1,0,H,1.8,2.87,4.5,1.85,2.75,4.6,1.8,2.75,4.9,1.8,2.7,4.4,,,,1.85,2.75,4.5,1.83,2.7,4.8,1.9,1.7,1.8,1.76,-0.5,,,,,,,,,,
79,I2,15/10/04,Salernitana,Torino,0,0,D,0,0,D,4,2.7,2,3.9,2.75,2,3.95,2.8,1.95,3.7,2.6,2,,,,3.75,2.8,2,,,,1.74,1.85,1.64,1.95,0.5,,,,,,,,,,
80,I2,16/10/04,Albinoleffe,Ascoli,1,2,A,0,1,A,2,2.7,4,1.95,2.6,4.4,1.9,2.7,4.4,2,2.6,3.7,2,2.7,4,2,2.7,4,1.85,2.6,5,1.85,1.74,1.9,1.67,-0.5,,,,,,,,,,
81,I2,16/10/04,Cesena,Vicenza,1,3,A,0,1,A,2.1,2.62,3.75,2.1,2.5,4.05,2.05,2.55,4.1,2,2.6,3.7,1.91,2.7,4.33,2.1,2.6,3.75,2.05,2.5,4.2,2,1.61,2.05,1.57,-0.5,,,,,,,,,,
82,I2,16/10/04,Crotone,Bari,0,2,A,0,1,A,1.9,2.62,4.5,1.9,2.55,4.9,1.9,2.6,4.7,1.85,2.7,4.2,1.91,2.7,4.33,1.95,2.6,4.33,1.95,2.55,4.5,1.95,1.66,1.9,1.67,-0.5,,,,,,,,,,
83,I2,16/10/04,Modena,Perugia,2,1,H,0,0,D,2.4,2.6,3.1,2.45,2.55,3.1,2.4,2.5,3.25,2.4,2.5,3,2.38,2.6,3.1,2.4,2.5,3.2,2.2,2.5,3.75,2.1,1.56,2.4,1.41,-0.5,,,,,,,,,,
84,I2,16/10/04,Pescara,Arezzo,2,2,D,1,0,H,2.3,2.62,3.25,2.25,2.6,3.4,2.25,2.6,3.4,2.3,2.6,3,2.3,2.7,3.1,2.25,2.62,3.3,2.3,2.5,3.5,1.8,1.8,2.25,1.47,-0.5,,,,,,,,,,
85,I2,16/10/04,Piacenza,Catanzaro,2,1,H,0,0,D,1.66,2.9,5.5,1.7,2.8,5.65,1.7,2.8,5.6,1.7,2.8,4.9,1.75,2.7,5.5,1.7,2.88,5.2,1.7,2.75,5.75,1.74,1.85,1.7,1.87,-0.5,,,,,,,,,,
86,I2,16/10/04,Ternana,Triestina,3,0,H,0,0,D,2.3,2.62,3.25,2.35,2.6,3.4,2.25,2.6,3.4,2.3,2.6,3,2.2,2.62,3.4,2.3,2.62,3.25,2.25,2.5,3.6,1.95,1.66,2.25,1.47,-0.5,,,,,,,,,,
87,I2,16/10/04,Venezia,Empoli,1,0,H,0,0,D,3.4,2.62,2.25,3.35,2.55,2.3,3.25,2.6,2.3,3,2.6,2.3,3.2,2.62,2.3,3.25,2.62,2.3,3.5,2.6,2.2,1.8,1.8,1.44,2.3,0.5,,,,,,,,,,
88,I2,16/10/04,Verona,Catania,4,0,H,2,0,H,2.37,2.62,3.1,2.35,2.55,3.3,2.3,2.55,3.35,2.3,2.6,3,2.3,2.62,3.2,2.38,2.62,3.1,2.15,2.5,3.8,1.8,1.8,2.3,1.45,-0.5,,,,,,,,,,
89,I2,18/10/04,Genoa,Treviso,2,1,H,0,1,A,1.33,3.75,9,1.3,3.95,10,1.35,4,7.5,1.35,3.5,8,,,,1.33,4,8,1.35,3.75,8.5,,,1.35,2.61,-0.5,,,,,,,,,,
90,I2,22/10/04,Catanzaro,Modena,2,1,H,1,0,H,2.1,2.62,3.75,2.15,2.55,3.75,2.15,2.55,3.75,2.2,2.6,3.2,2.1,2.75,3.5,2.1,2.62,3.75,2.1,2.6,3.75,1.85,1.74,2.15,1.52,-0.5,,,,,,,,,,
91,I2,22/10/04,Vicenza,Venezia,2,1,H,0,1,A,1.72,2.75,5.5,1.8,2.8,4.8,1.75,2.8,5.1,1.8,2.7,4.4,1.73,2.75,5.5,1.75,2.8,5,1.8,2.9,4.5,1.95,1.66,1.75,1.81,-0.5,,,,,,,,,,
92,I2,23/10/04,Arezzo,Genoa,2,2,D,1,2,A,2.75,2.5,2.75,2.95,2.5,2.6,2.8,2.55,2.65,2.7,2.6,2.6,2.75,2.6,2.62,2.8,2.6,2.62,2.8,2.5,2.7,1.7,1.9,1.33,2.65,0.5,,,,,,,,,,
93,I2,23/10/04,Ascoli,Bari,3,1,H,0,1,A,1.8,2.75,5,1.95,2.55,4.6,1.85,2.65,4.85,1.85,2.7,4.2,1.75,2.8,5,1.85,2.75,4.5,,,,1.95,1.66,1.85,1.71,-0.5,,,,,,,,,,
94,I2,23/10/04,Catania,Ternana,2,0,H,1,0,H,1.9,2.62,4.5,2,2.55,4.4,1.9,2.6,4.7,1.9,2.6,4.2,2,2.62,4,1.95,2.7,4.2,1.85,2.85,4.2,1.85,1.74,1.9,1.67,-0.5,,,,,,,,,,
95,I2,23/10/04,Empoli,Crotone,0,0,D,0,0,D,1.5,3.25,6.5,1.6,2.9,6.5,1.55,3,6.9,1.55,3.1,5.5,1.53,3,7,1.57,3.1,6,1.5,3.1,7.5,1.8,1.8,1.55,2.09,-0.5,,,,,,,,,,
96,I2,23/10/04,Perugia,Pescara,4,1,H,1,0,H,1.5,3,8,1.55,3,7,1.57,2.9,7,1.55,3.1,5.5,1.62,2.88,6.5,1.57,3.1,6,1.5,3.1,7.5,2,1.61,1.57,2.05,-0.5,,,,,,,,,,
97,I2,23/10/04,Salernitana,Piacenza,3,2,H,1,0,H,2.75,2.62,2.62,2.85,2.45,2.75,2.75,2.5,2.75,2.65,2.6,2.65,2.7,2.62,2.7,2.7,2.6,2.7,2.7,2.5,2.8,1.95,1.66,2.75,1.31,-0.5,,,,,,,,,,
98,I2,23/10/04,Torino,Cesena,0,0,D,0,0,D,1.5,3.25,6.5,1.45,3.2,8.5,1.5,3.1,7,1.5,3.1,6,1.53,3,7,1.5,3.2,7,1.45,3.3,7.5,1.8,1.8,1.5,2.15,-0.5,,,,,,,,,,
99,I2,23/10/04,Treviso,Albinoleffe,0,2,A,0,1,A,2.5,2.5,3.1,2.55,2.55,3,2.5,2.55,3,2.5,2.5,2.9,2.38,2.6,3.1,2.5,2.6,3,,,,1.9,1.7,2.5,1.38,-0.5,,,,,,,,,,
100,I2,23/10/04,Triestina,Verona,1,2,A,0,0,D,2.1,2.75,3.5,2.2,2.6,3.55,2.15,2.6,3.65,2.1,2.6,3.5,2.2,2.75,3.25,2.2,2.7,3.3,2.05,2.6,4,1.8,1.8,2.15,1.52,-0.5,,,,,,,,,,
101,I2,26/10/04,Bari,Ternana,1,2,A,1,1,D,2.2,2.62,3.4,2.25,2.55,3.5,2.2,2.6,3.5,2.2,2.6,3.2,2.1,2.62,3.75,2.2,2.62,3.5,2.15,2.65,3.5,2,1.61,2.2,1.49,-0.5,,,,,,,,,,
102,I2,26/10/04,Cesena,Catanzaro,2,1,H,1,1,D,2,2.75,3.8,2.15,2.55,3.8,2.05,2.7,3.75,2.1,2.6,3.5,2.1,2.62,3.75,2.1,2.7,3.6,2.1,2.7,3.6,2.1,1.56,2.05,1.57,-0.5,,,,,,,,,,
103,I2,26/10/04,Crotone,Catania,1,1,D,0,1,A,2.2,2.62,3.4,2.25,2.55,3.5,2.25,2.6,3.4,2.2,2.6,3.2,2.1,2.8,3.4,2.2,2.62,3.5,2.2,2.65,3.4,1.9,1.7,2.25,1.47,-0.5,,,,,,,,,,
104,I2,26/10/04,Genoa,Verona,1,1,D,1,0,H,1.53,3.25,6,1.6,3,6.1,1.55,3,6.75,1.5,3.2,5.8,1.53,3,7,1.57,3.1,6,1.6,3.1,5.5,1.66,1.95,1.55,2.08,-0.5,,,,,,,,,,
105,I2,26/10/04,Modena,Arezzo,1,1,D,0,1,A,1.9,2.87,4,2,2.6,4.2,1.95,2.75,4,1.85,2.7,4.2,1.8,2.88,4.5,1.91,2.75,4.2,1.85,2.85,4.2,1.85,1.74,1.95,1.63,-0.5,,,,,,,,,,
106,I2,26/10/04,Perugia,Empoli,0,2,A,0,1,A,2,2.75,3.8,2.1,2.45,4.2,1.95,2.75,4,2,2.7,3.6,2,2.75,3.75,2,2.7,4,2.05,2.7,3.75,1.9,1.7,1.95,1.63,-0.5,,,,,,,,,,
107,I2,26/10/04,Pescara,Torino,0,2,A,0,0,D,3,2.62,2.37,3.2,2.45,2.5,3,2.6,2.45,3,2.6,2.3,3.2,2.6,2.38,3,2.7,2.38,3,2.6,2.45,1.9,1.7,1.39,2.45,0.5,,,,,,,,,,
108,I2,26/10/04,Piacenza,Ascoli,3,1,H,1,0,H,2,2.75,3.8,2.05,2.6,4,1.9,2.75,4.25,2,2.7,3.6,2,2.62,4,1.91,2.75,4.2,2,2.7,4,1.74,1.85,1.9,1.67,-0.5,,,,,,,,,,
109,I2,26/10/04,Venezia,Salernitana,2,0,H,2,0,H,2,2.75,3.8,2.1,2.6,3.8,2.05,2.7,3.75,2.1,2.6,3.5,2,2.62,4,2,2.7,4,2.1,2.7,3.6,2.1,1.56,2.05,1.57,-0.5,,,,,,,,,,
110,I2,26/10/04,Vicenza,Treviso,0,1,A,0,1,A,1.66,2.87,5.5,1.75,2.85,5,1.7,2.9,5.25,1.6,2.9,5.4,1.62,2.88,6,1.62,3.1,5.5,1.6,3.1,5.5,1.85,1.74,1.7,1.87,-0.5,,,,,,,,,,
111,I2,29/10/04,Catania,Bari,0,1,A,0,1,A,1.66,2.87,5.5,1.7,2.85,5.5,1.6,3,6,1.65,2.9,5,1.57,3.2,6,1.62,3.1,5.5,1.65,3,5.3,1.95,1.66,1.6,2,-0.5,,,,,,,,,,
112,I2,30/10/04,Albinoleffe,Genoa,0,3,A,0,1,A,2.75,2.6,2.62,2.85,2.55,2.65,2.7,2.6,2.7,2.75,2.6,2.55,2.62,2.62,2.75,2.7,2.6,2.7,2.7,2.6,2.7,1.8,1.8,2.7,1.32,-0.5,,,,,,,,,,
113,I2,30/10/04,Arezzo,Cesena,1,1,D,0,0,D,2,2.7,4,1.95,2.65,4.3,1.95,2.7,4.15,2,2.7,3.6,2,2.62,4.33,2,2.7,4,1.9,2.7,4.3,1.85,1.74,1.95,1.64,-0.5,,,,,,,,,,
114,I2,30/10/04,Ascoli,Vicenza,2,0,H,1,0,H,1.83,2.8,4.5,1.85,2.7,4.8,1.8,2.8,4.7,1.85,2.7,4.2,1.8,2.88,4.5,1.8,2.88,4.5,1.9,2.7,4.3,1.74,1.85,1.8,1.75,-0.5,,,,,,,,,,
115,I2,30/10/04,Catanzaro,Venezia,0,0,D,0,0,D,1.66,2.87,5.5,1.65,2.85,6,1.65,2.95,5.6,1.7,2.8,4.8,1.62,3.2,5.5,1.62,3,5.75,1.7,2.85,5.3,1.8,1.8,1.65,1.93,-0.5,,,,,,,,,,
116,I2,30/10/04,Empoli,Torino,3,0,H,1,0,H,2.3,2.62,3.25,2.5,2.35,3.4,2.3,2.65,3.2,2.3,2.5,3.2,2.2,2.75,3.4,2.3,2.6,3.25,2.25,2.6,3.35,1.9,1.7,2.3,1.45,-0.5,,,,,,,,,,
117,I2,30/10/04,Salernitana,Pescara,0,2,A,0,1,A,2,2.7,4,1.9,2.7,4.4,1.95,2.7,4.15,1.9,2.7,4,2,2.75,4,2,2.7,4,1.9,2.7,4.3,1.85,1.74,1.95,1.64,-0.5,,,,,,,,,,
118,I2,30/10/04,Treviso,Piacenza,1,1,D,0,0,D,2.75,2.6,2.62,2.8,2.5,2.75,2.7,2.6,2.7,2.7,2.6,2.6,2.62,2.62,2.75,2.7,2.62,2.7,2.65,2.7,2.65,1.9,1.7,2.7,1.32,-0.5,,,,,,,,,,
119,I2,30/10/04,Triestina,Crotone,1,0,H,1,0,H,1.83,2.8,4.5,1.85,2.75,4.6,1.8,2.8,4.7,1.85,2.7,4.2,1.83,2.75,4.5,1.83,2.8,4.5,1.85,2.7,4.6,1.85,1.74,1.8,1.75,-0.5,,,,,,,,,,
120,I2,30/10/04,Verona,Modena,3,0,H,1,0,H,2,2.7,4,1.95,2.65,4.3,1.9,2.75,4.25,1.9,2.7,4,1.91,2.75,4.33,1.91,2.75,4.2,2,2.7,3.9,1.85,1.74,1.9,1.67,-0.5,,,,,,,,,,
121,I2,01/11/04,Ternana,Perugia,0,2,A,0,0,D,2.5,2.6,2.9,2.5,2.6,2.95,2.45,2.65,2.95,2.4,2.6,2.9,2.5,2.62,3,2.5,2.6,2.9,2.4,2.65,3,1.9,1.7,2.45,1.4,-0.5,,,,,,,,,,
122,I2,03/11/04,Albinoleffe,Triestina,3,3,D,2,1,H,,,,1.9,2.75,4.3,1.87,2.8,4.3,1.9,2.7,4,1.9,2.6,4.5,,,,1.9,2.62,4.5,,,1.87,1.7,-0.5,,,,,,,,,,
123,I2,05/11/04,Modena,Salernitana,1,0,H,0,0,D,1.57,3.1,6,1.6,3.1,5.95,1.65,2.85,6,1.55,3.1,5.5,1.57,3,6.5,1.57,3.1,6,,,,1.95,1.66,1.55,2.08,-0.5,,,,,,,,,,
124,I2,07/11/04,Bari,Arezzo,1,0,H,0,0,D,2.3,2.75,3.1,2.3,2.65,3.25,2.3,2.6,3.3,2.3,2.6,3,2.3,2.62,3.2,2.25,2.75,3.2,2.25,2.6,3.35,1.9,1.7,2.3,1.45,-0.5,,,,,,,,,,
125,I2,07/11/04,Cesena,Treviso,3,4,A,1,4,A,1.8,2.75,5,1.8,2.75,5,1.8,2.7,5,1.8,2.7,4.4,1.83,2.75,4.5,1.8,2.8,4.75,1.75,2.8,5,2,1.61,1.8,1.75,-0.5,,,,,,,,,,
126,I2,07/11/04,Crotone,Ternana,1,2,A,0,2,A,2.1,2.75,3.5,2.2,2.65,3.45,2.15,2.6,3.65,2.2,2.6,3.2,2.1,2.62,3.75,2.1,2.7,3.6,2.1,2.6,3.75,1.95,1.66,2.15,1.52,-0.5,,,,,,,,,,
127,I2,07/11/04,Genoa,Triestina,2,2,D,0,0,D,1.44,3.5,7,1.45,3.4,7.5,1.45,3.45,7,1.45,3.3,6.4,1.4,3.6,7.5,1.5,3.2,7,1.45,3.3,7.5,1.66,1.95,1.45,2.31,-0.5,,,,,,,,,,
128,I2,07/11/04,Piacenza,Catania,0,1,A,0,1,A,1.72,2.87,5,1.75,2.8,5.1,1.75,2.85,5,1.75,2.8,4.5,1.73,2.88,5,1.75,2.9,4.75,1.7,2.85,5.3,1.66,1.95,1.75,1.82,-0.5,,,,,,,,,,
129,I2,07/11/04,Torino,Perugia,2,0,H,1,0,H,1.9,2.7,4.33,2,2.7,4,2,2.65,4.1,2,2.7,3.6,2,2.7,4,2,2.75,3.8,2,2.7,3.9,1.9,1.7,2,1.61,-0.5,,,,,,,,,,
130,I2,07/11/04,Venezia,Ascoli,1,1,D,1,1,D,2.5,2.62,2.87,2.55,2.6,2.9,2.6,2.6,2.8,2.6,2.6,2.7,2.5,2.62,2.88,2.62,2.62,2.75,2.55,2.65,2.8,1.9,1.7,2.6,1.35,-0.5,,,,,,,,,,
131,I2,07/11/04,Verona,Albinoleffe,3,2,H,0,0,D,1.9,2.87,4,2,2.6,4.25,1.8,2.85,4.5,2,2.7,3.6,1.8,2.9,4.5,1.91,2.75,4.2,1.9,2.65,4.5,1.9,1.7,1.8,1.74,-0.5,,,,,,,,,,
132,I2,07/11/04,Vicenza,Catanzaro,5,0,H,4,0,H,1.8,2.7,5,1.9,2.7,4.45,1.85,2.7,4.7,1.85,2.7,4.2,1.8,2.75,5,1.85,2.75,4.5,1.8,2.75,4.8,1.8,1.8,1.85,1.71,-0.5,,,,,,,,,,
133,I2,08/11/04,Pescara,Empoli,1,0,H,1,0,H,3.2,2.75,2.25,3.2,2.65,2.3,3.3,2.65,2.25,3,2.6,2.3,3.2,2.75,2.25,3.2,2.7,2.25,3.15,2.8,2.2,1.9,1.7,1.47,2.25,0.5,,,,,,,,,,
134,I2,12/11/04,Ascoli,Crotone,0,2,A,0,0,D,1.5,3.25,6.5,1.55,3.15,6.5,1.6,2.9,6.5,1.5,3.2,5.8,1.53,3.1,6.5,1.53,3.1,6.5,1.55,3.15,6,1.8,1.8,1.6,2.01,-0.5,,,,,,,,,,
135,I2,13/11/04,Catania,Genoa,1,3,A,1,2,A,2.62,2.62,2.75,2.6,2.55,2.9,2.65,2.65,2.7,2.6,2.6,2.7,2.6,2.7,2.7,2.6,2.6,2.8,2.65,2.55,2.8,1.8,1.8,2.65,1.34,-0.5,,,,,,,,,,
136,I2,14/11/04,Arezzo,Albinoleffe,1,1,D,1,0,H,1.83,2.87,4.33,1.85,2.8,4.5,1.85,2.8,4.4,1.85,2.7,4.2,2,2.7,4,1.91,2.75,4.2,1.85,2.9,4.1,1.8,1.8,1.85,1.71,-0.5,,,,,,,,,,
137,I2,14/11/04,Catanzaro,Pescara,1,0,H,1,0,H,1.9,2.7,4.33,1.9,2.7,4.4,1.9,2.7,4.4,1.9,2.7,4,1.9,2.7,4.33,1.91,2.75,4.2,1.95,2.75,4,1.9,1.7,1.9,1.67,-0.5,,,,,,,,,,
138,I2,14/11/04,Empoli,Modena,2,1,H,0,0,D,1.61,3.1,5.5,1.65,2.95,5.65,1.7,3,5,1.65,2.9,5,1.6,3.1,5.5,1.62,3,5.75,1.6,3.1,5.5,1.95,1.66,1.7,1.88,-0.5,,,,,,,,,,
139,I2,14/11/04,Perugia,Vicenza,2,0,H,0,0,D,1.72,2.87,5,1.65,3.05,5.4,1.7,3,5,1.7,2.8,4.8,1.8,2.88,4.5,1.67,3,5.2,1.7,2.95,5,1.8,1.8,1.7,1.88,-0.5,,,,,,,,,,
140,I2,14/11/04,Salernitana,Cesena,6,1,H,3,1,H,2.37,2.75,2.9,2.35,2.65,3.15,2.38,2.7,3,2.4,2.6,2.9,2.3,2.7,3.1,2.38,2.7,3,2.4,2.7,2.95,2,1.61,2.38,1.42,-0.5,,,,,,,,,,
141,I2,14/11/04,Ternana,Piacenza,0,1,A,0,1,A,2.2,2.62,3.4,2.2,2.55,3.65,2.15,2.65,3.55,2.2,2.6,3.2,2.1,2.62,3.75,2.1,2.7,3.6,2.1,2.65,3.65,1.9,1.7,2.15,1.52,-0.5,,,,,,,,,,
142,I2,14/11/04,Torino,Venezia,1,1,D,1,0,H,1.4,3.6,7.5,1.4,3.65,7.5,1.45,3.4,7,1.5,3.2,5.8,1.44,3.4,7,1.44,3.5,7,1.45,3.5,6.5,1.95,1.66,1.45,2.29,-0.5,,,,,,,,,,
143,I2,14/11/04,Treviso,Verona,1,0,H,0,0,D,2.62,2.62,2.75,2.7,2.65,2.7,2.65,2.65,2.7,2.6,2.6,2.7,2.6,2.7,2.7,2.6,2.62,2.8,2.5,2.65,2.85,1.9,1.7,2.65,1.34,-0.5,,,,,,,,,,
144,I2,14/11/04,Triestina,Bari,0,0,D,0,0,D,1.83,2.8,4.5,1.8,2.8,4.75,1.83,2.8,4.5,1.85,2.7,4.2,1.9,2.7,4.33,1.85,2.8,4.33,1.85,2.8,4.35,1.95,1.66,1.83,1.73,-0.5,,,,,,,,,,
145,I2,19/11/04,Verona,Ternana,2,2,D,1,2,A,1.8,2.87,4.5,1.8,2.8,4.75,1.81,2.75,4.85,1.8,2.7,4.4,1.8,2.7,5,1.8,2.88,4.5,1.8,2.8,4.75,1.8,1.8,1.81,1.75,-0.5,,,,,,,,,,
146,I2,21/11/04,Albinoleffe,Crotone,1,1,D,1,0,H,1.9,2.87,4,1.95,2.75,4.1,1.85,2.75,4.5,1.85,2.7,4.2,1.8,2.8,4.5,1.85,2.75,4.5,1.9,2.8,4.2,1.8,1.8,1.85,1.71,-0.5,,,,,,,,,,
147,I2,21/11/04,Bari,Salernitana,1,3,A,1,2,A,1.9,2.87,4,1.95,2.6,4.45,1.85,2.75,4.5,1.8,2.7,4.4,1.83,2.75,4.5,1.85,2.8,4.33,1.95,2.8,4,1.95,1.66,1.85,1.71,-0.5,,,,,,,,,,
148,I2,21/11/04,Catanzaro,Arezzo,1,1,D,0,0,D,2,2.75,3.8,2.1,2.7,3.65,2.05,2.75,3.65,2.1,2.6,3.5,2,2.75,3.75,2.1,2.75,3.5,2.1,2.75,3.5,1.9,1.7,2.05,1.57,-0.5,,,,,,,,,,
149,I2,21/11/04,Cesena,Empoli,3,3,D,2,2,D,3.2,2.75,2.25,3.2,2.6,2.35,3,2.75,2.35,3,2.6,2.3,3.25,2.62,2.3,3.1,2.75,2.3,2.95,2.7,2.4,1.8,1.8,1.43,2.35,0.5,,,,,,,,,,
150,I2,21/11/04,Genoa,Ascoli,3,0,H,0,0,D,1.53,3,7.5,1.55,3.05,6.6,1.55,3,7,1.55,3.1,5.5,1.5,3.2,7,1.62,3,5.75,1.55,3,7,1.66,1.95,1.55,2.1,-0.5,,,,,,,,,,
151,I2,21/11/04,Modena,Triestina,0,1,A,0,0,D,1.8,2.87,4.5,1.85,2.8,4.5,1.85,2.75,4.5,1.75,2.8,4.5,1.8,2.7,5,1.85,2.8,4.33,1.85,2.8,4.33,1.9,1.7,1.85,1.71,-0.5,,,,,,,,,,
152,I2,21/11/04,Pescara,Catania,2,2,D,2,0,H,2.25,2.75,3.2,2.35,2.7,3.1,2.3,2.7,3.1,2.2,2.6,3.2,2.3,2.62,3.25,2.3,2.7,3.1,2.3,2.7,3.1,1.9,1.7,2.3,1.44,-0.5,,,,,,,,,,
153,I2,21/11/04,Piacenza,Perugia,2,4,A,1,1,D,2.25,2.75,3.2,2.35,2.55,3.3,2.2,2.65,3.4,2.2,2.6,3.2,2.1,2.75,3.4,2.2,2.7,3.3,2.3,2.7,3.1,1.9,1.7,2.2,1.49,-0.5,,,,,,,,,,
154,I2,21/11/04,Venezia,Treviso,1,2,A,1,1,D,2.25,2.75,3.2,2.25,2.65,3.3,2.2,2.7,3.35,2.1,2.6,3.5,2.1,2.75,3.4,2.2,2.7,3.3,2.2,2.75,3.3,2.1,1.56,2.2,1.5,-0.5,,,,,,,,,,
155,I2,22/11/04,Vicenza,Torino,1,2,A,0,2,A,2.4,2.75,2.87,2.55,2.65,2.85,2.45,2.7,2.9,2.3,2.6,3,2.5,2.7,2.8,2.4,2.75,2.9,2.4,2.7,2.95,1.85,1.74,2.45,1.4,-0.5,,,,,,,,,,
156,I2,26/11/04,Empoli,Catanzaro,2,0,H,0,0,D,1.5,3.2,7,1.55,3,7,1.5,3.2,7,1.5,3.2,5.8,1.5,3.1,7.5,1.5,3.2,7,,,,1.8,1.8,1.5,2.2,-0.5,,,,,,,,,,
157,I2,28/11/04,Arezzo,Piacenza,2,0,H,1,0,H,2.25,2.62,3.5,2.2,2.7,3.35,2.2,2.7,3.35,2.3,2.6,3,2.25,2.62,3.3,2.3,2.62,3.25,2.2,2.7,3.3,1.9,1.7,2.2,1.5,-0.5,,,,,,,,,,
158,I2,28/11/04,Catania,Albinoleffe,0,0,D,0,0,D,1.83,2.75,4.33,1.75,2.75,5.3,1.75,2.8,5.15,1.8,2.7,4.4,1.8,2.7,5,1.8,2.8,4.75,1.75,2.8,5,1.85,1.74,1.75,1.81,-0.5,,,,,,,,,,
159,I2,28/11/04,Crotone,Verona,2,2,D,0,2,A,2.5,2.75,2.87,2.5,2.65,2.9,2.45,2.65,2.95,2.5,2.6,2.8,2.4,2.75,2.9,2.5,2.7,2.88,2.4,2.65,3,1.9,1.7,2.45,1.4,-0.5,,,,,,,,,,
160,I2,28/11/04,Pescara,Cesena,2,1,H,1,0,H,2.1,2.62,3.75,2.1,2.65,3.75,2.1,2.7,3.6,2,2.7,3.6,2.1,2.62,3.75,2.1,2.75,3.5,2.1,2.7,3.6,1.9,1.7,2.1,1.54,-0.5,,,,,,,,,,
161,I2,28/11/04,Salernitana,Vicenza,3,1,H,1,0,H,2.1,2.75,3.5,2.1,2.7,3.65,2.15,2.7,3.5,2,2.7,3.6,2.1,2.75,3.5,2.1,2.75,3.5,2.15,2.7,3.5,1.9,1.7,2.15,1.52,-0.5,,,,,,,,,,
162,I2,28/11/04,Ternana,Genoa,0,1,A,0,0,D,2.75,2.62,2.62,2.85,2.6,2.6,2.85,2.6,2.55,2.8,2.6,2.5,2.8,2.7,2.5,2.8,2.62,2.6,2.8,2.6,2.6,1.8,1.8,1.36,2.55,0.5,,,,,,,,,,
163,I2,28/11/04,Torino,Modena,0,3,A,0,2,A,1.57,3,7,1.55,3,7,1.5,3.2,7,1.55,3.1,5.5,1.53,3,7,1.53,3.1,6.5,1.55,3.3,5.75,1.85,1.74,1.5,2.2,-0.5,,,,,,,,,,
164,I2,28/11/04,Treviso,Bari,2,0,H,1,0,H,2.1,2.62,3.75,2,2.6,4.2,1.95,2.65,4.3,2,2.7,3.6,2,2.7,4,2,2.7,4,1.95,2.75,4,1.95,1.66,1.95,1.64,-0.5,,,,,,,,,,
165,I2,28/11/04,Triestina,Ascoli,1,1,D,1,1,D,2.1,2.62,3.75,2.2,2.55,3.65,2.1,2.65,3.65,2.1,2.6,3.5,2.1,2.75,3.5,2.1,2.7,3.6,2,2.7,4,1.8,1.8,,,,,,,,,,,,,
166,I2,29/11/04,Perugia,Venezia,0,0,D,0,0,D,1.5,3.2,7,1.47,3.35,7,1.45,3.4,7.1,1.5,3.2,5.8,1.44,3.4,7.5,1.5,3.25,6.5,1.5,3.4,6,1.9,1.7,1.45,2.3,-0.5,,,,,,,,,,
167,I2,03/12/04,Arezzo,Torino,0,0,D,0,0,D,2.5,2.62,3,2.45,2.55,3.1,2.45,2.65,3,2.5,2.5,2.9,2.4,2.62,3.1,2.4,2.7,3,2.4,2.6,3.1,1.85,1.74,2.45,1.41,-0.5,,,,,,,,,,
168,I2,05/12/04,Albinoleffe,Salernitana,1,2,A,0,0,D,2.1,2.75,3.5,2.15,2.7,3.5,2.15,2.7,3.5,2.2,2.6,3.2,2.1,2.7,3.6,2.1,2.7,3.6,2.1,2.7,3.55,1.8,1.8,2.15,1.52,-0.5,,,,,,,,,,
169,I2,05/12/04,Ascoli,Ternana,0,0,D,0,0,D,1.83,2.87,4.5,1.9,2.65,4.65,1.9,2.7,4.5,1.9,2.7,4,1.9,2.7,4.33,1.91,2.75,4.2,1.85,2.75,4.5,1.85,1.74,1.9,1.69,-0.5,,,,,,,,,,
170,I2,05/12/04,Bari,Venezia,2,0,H,0,0,D,2,2.62,4.33,1.95,2.7,4.25,2,2.65,4.1,2.1,2.6,3.5,1.91,2.7,4.2,2,2.7,4,1.9,2.7,4.3,2.1,1.56,2,1.61,-0.5,,,,,,,,,,
171,I2,05/12/04,Catanzaro,Perugia,1,3,A,0,2,A,2.75,2.62,2.75,2.7,2.65,2.7,2.7,2.65,2.7,2.65,2.6,2.65,2.7,2.6,2.7,2.7,2.6,2.7,2.75,2.7,2.55,1.9,1.7,2.7,1.34,-0.5,,,,,,,,,,
172,I2,05/12/04,Cesena,Modena,3,0,H,2,0,H,2.4,2.7,3,2.5,2.6,2.95,2.45,2.65,3,2.5,2.6,2.8,2.4,2.7,3,2.4,2.7,3,2.35,2.75,2.95,1.85,1.74,2.45,1.41,-0.5,,,,,,,,,,
173,I2,05/12/04,Genoa,Crotone,1,0,H,0,0,D,1.36,3.6,9,1.3,4.15,9,1.33,4,8.5,1.35,3.6,7.5,1.33,4,8,1.33,4,8,1.35,3.8,8,1.74,1.85,1.33,2.72,-0.5,,,,,,,,,,
174,I2,05/12/04,Treviso,Catania,0,0,D,0,0,D,2,2.75,4,2.1,2.6,3.8,2.1,2.65,3.75,2.1,2.6,3.5,2,2.75,3.75,2,2.7,4,2.1,2.7,3.55,1.9,1.7,2.1,1.55,-0.5,,,,,,,,,,
175,I2,05/12/04,Verona,Pescara,1,1,D,1,0,H,1.8,2.87,4.5,1.75,2.8,5.15,1.8,2.75,5,1.75,2.8,4.5,1.83,2.75,4.5,1.75,2.8,5,1.75,2.8,5,1.74,1.85,1.8,1.77,-0.5,,,,,,,,,,
176,I2,05/12/04,Vicenza,Empoli,2,1,H,1,1,D,2.62,2.62,2.75,2.65,2.65,2.75,2.65,2.65,2.75,2.65,2.6,2.65,2.7,2.6,2.7,2.6,2.7,2.7,2.55,2.65,2.8,1.85,1.74,2.65,1.35,-0.5,,,,,,,,,,
177,I2,06/12/04,Triestina,Piacenza,0,2,A,0,0,D,2.25,2.75,3.2,2.25,2.7,3.25,2.25,2.65,3.35,2.2,2.6,3.2,2.3,2.75,3.1,2.25,2.7,3.25,2.15,2.65,3.5,1.95,1.66,2.25,1.48,-0.5,,,,,,,,,,
178,I2,10/12/04,Cesena,Genoa,1,1,D,0,0,D,3,2.7,2.37,3.3,2.55,2.35,3,2.65,2.4,3,2.6,2.3,3.2,2.75,2.25,3.1,2.62,2.38,2.95,2.7,2.4,1.74,1.85,1.41,2.4,0.5,,,,,,,,,,
179,I2,12/12/04,Empoli,Catania,0,0,D,0,0,D,1.66,2.87,5.5,1.7,2.75,5.85,1.65,2.85,6,1.6,3,5.2,1.73,2.75,5.5,1.67,2.8,6,1.7,2.8,5.5,1.8,1.8,1.65,1.93,-0.5,,,,,,,,,,
180,I2,12/12/04,Modena,Vicenza,2,1,H,0,1,A,1.9,2.7,4.33,1.9,2.65,4.55,1.85,2.75,4.5,1.85,2.7,4.2,1.83,2.75,4.5,1.91,2.7,4.33,1.75,2.8,5,1.85,1.74,1.85,1.71,-0.5,,,,,,,,,,
181,I2,12/12/04,Perugia,Verona,0,2,A,0,1,A,1.72,2.9,5,1.75,2.95,4.75,1.75,2.9,4.85,1.75,2.8,4.5,1.8,2.7,5,1.75,2.8,5,1.7,2.8,5.5,1.74,1.85,1.75,1.81,-0.5,,,,,,,,,,
182,I2,12/12/04,Pescara,Ascoli,0,2,A,0,0,D,2.2,2.62,3.4,2.2,2.55,3.65,2.2,2.65,3.4,2.1,2.6,3.5,2.2,2.6,3.6,2.2,2.62,3.5,2.15,2.75,3.35,1.9,1.7,2.2,1.49,-0.5,,,,,,,,,,
183,I2,12/12/04,Piacenza,Bari,1,1,D,1,1,D,1.72,2.75,5.5,1.75,2.75,5.4,1.75,2.8,5.1,1.75,2.8,4.5,1.73,2.88,5,1.73,2.88,5,1.65,2.8,6,1.85,1.74,1.75,1.81,-0.5,,,,,,,,,,
184,I2,12/12/04,Salernitana,Arezzo,2,0,H,1,0,H,2.1,2.7,3.6,2.15,2.6,3.7,2.1,2.65,3.7,2.1,2.6,3.5,2,2.7,4,2.1,2.7,3.6,2,2.7,3.9,1.85,1.74,2.1,1.54,-0.5,,,,,,,,,,
185,I2,12/12/04,Ternana,Albinoleffe,1,0,H,0,0,D,1.9,2.7,4.33,1.95,2.6,4.5,1.95,2.65,4.25,2,2.7,3.6,1.91,2.62,4.5,1.91,2.7,4.33,1.9,2.7,4.3,1.95,1.66,1.95,1.63,-0.5,,,,,,,,,,
186,I2,12/12/04,Torino,Catanzaro,3,0,H,1,0,H,1.44,3.5,7,1.4,3.6,7.75,1.45,3.5,6.75,1.4,3.4,7,1.44,3.3,7.5,1.4,3.6,7.5,1.4,3.45,8,1.8,1.8,1.45,2.3,-0.5,,,,,,,,,,
187,I2,12/12/04,Venezia,Triestina,1,2,A,0,0,D,2.3,2.62,3.2,2.3,2.6,3.3,2.3,2.6,3.3,2.2,2.6,3.2,2.3,2.62,3.25,2.3,2.7,3.1,2.2,2.6,3.45,1.9,1.7,2.3,1.45,-0.5,,,,,,,,,,
188,I2,13/12/04,Crotone,Treviso,2,2,D,1,0,H,2.3,2.62,3.2,2.3,2.6,3.3,2.3,2.6,3.3,2.3,2.6,3,2.38,2.6,3.1,2.3,2.62,3.25,2.1,2.7,3.55,1.9,1.7,2.3,1.45,-0.5,,,,,,,,,,
189,I2,17/12/04,Catania,Salernitana,2,1,H,2,0,H,2.1,2.75,3.5,2.1,2.7,3.65,2.1,2.7,3.6,2.1,2.7,3.3,2.1,2.75,3.6,2.1,2.75,3.5,2.1,2.65,3.65,1.9,1.7,2.1,1.54,-0.5,,,,,,,,,,
190,I2,19/12/04,Albinoleffe,Piacenza,3,0,H,1,0,H,2.6,2.62,2.75,2.5,2.7,2.85,2.45,2.75,2.85,2.5,2.7,2.7,2.62,2.8,2.62,2.5,2.75,2.8,2.4,2.75,2.9,1.95,1.66,2.45,1.4,-0.5,,,,,,,,,,
191,I2,19/12/04,Arezzo,Perugia,1,2,A,0,2,A,2.5,2.62,2.9,2.5,2.6,3,2.5,2.6,2.95,2.5,2.6,2.8,2.6,2.75,2.75,2.5,2.6,2.9,2.45,2.65,2.95,1.9,1.7,2.5,1.38,-0.5,,,,,,,,,,
192,I2,19/12/04,Bari,Modena,2,2,D,1,2,A,2,2.7,4,2.05,2.7,3.8,2.1,2.7,3.6,2.1,2.7,3.3,2.1,2.75,3.6,2.1,2.7,3.6,2.1,2.7,3.55,2,1.61,2.1,1.54,-0.5,,,,,,,,,,
193,I2,19/12/04,Crotone,Venezia,2,0,H,1,0,H,1.9,2.7,4.33,1.95,2.75,4.1,1.9,2.75,4.3,2,2.7,3.6,1.91,2.75,4.33,1.91,2.75,4.2,1.9,2.7,4.3,2,1.61,1.9,1.68,-0.5,,,,,,,,,,
194,I2,19/12/04,Genoa,Empoli,3,2,H,2,1,H,1.8,2.87,4.5,1.75,2.85,5,1.8,2.9,4.5,1.8,2.7,4.4,1.8,2.88,4.5,1.8,2.8,4.75,1.75,2.9,4.75,1.8,1.8,1.8,1.76,-0.5,,,,,,,,,,
195,I2,19/12/04,Ternana,Pescara,0,0,D,0,0,D,1.9,2.7,4.33,1.9,2.7,4.45,1.85,2.65,4.85,1.85,2.7,4.2,1.91,2.75,4.33,1.91,2.7,4.33,1.9,2.65,4.5,2.1,1.56,1.85,1.71,-0.5,,,,,,,,,,
196,I2,19/12/04,Treviso,Catanzaro,2,0,H,0,0,D,1.66,2.9,5.5,1.8,2.7,5.15,1.75,2.8,5.1,1.7,2.8,4.8,1.73,2.88,5,1.75,2.8,5,1.8,2.85,4.5,1.95,1.66,1.75,1.81,-0.5,,,,,,,,,,
197,I2,19/12/04,Triestina,Torino,0,1,A,0,0,D,2.7,2.6,2.7,2.7,2.6,2.75,2.65,2.6,2.75,2.6,2.6,2.7,2.62,2.62,2.8,2.62,2.6,2.8,2.55,2.6,2.85,1.95,1.66,2.65,1.34,-0.5,,,,,,,,,,
198,I2,19/12/04,Verona,Vicenza,5,3,H,0,1,A,1.72,2.87,5,1.8,2.7,5.15,1.8,2.8,4.75,1.75,2.8,4.5,1.8,2.88,4.5,1.8,2.8,4.75,1.75,2.9,4.75,1.75,1.85,1.8,1.76,-0.5,,,,,,,,,,
199,I2,20/12/04,Ascoli,Cesena,4,0,H,1,0,H,1.72,2.87,5,1.75,2.8,5.2,1.8,2.8,4.75,1.75,2.8,4.5,1.8,2.88,4.5,1.8,2.8,4.75,1.7,2.8,5.5,1.9,1.7,1.8,1.76,-0.5,,,,,,,,,,
200,I2,06/01/05,Catanzaro,Genoa,1,1,D,1,0,H,3.5,2.75,2.1,3.35,2.65,2.25,3.3,2.75,2.2,3.6,2.7,2,3.4,2.8,2.1,3.4,2.8,2.1,,,,1.74,1.85,1.5,2.2,0.5,,,,,,,,,,
201,I2,06/01/05,Cesena,Albinoleffe,2,1,H,1,0,H,2,2.75,4,2.05,2.7,3.8,2.05,2.7,3.8,2,2.7,3.6,2,2.8,3.75,2.1,2.8,3.4,,,,1.9,1.7,2.05,1.58,-0.5,,,,,,,,,,
202,I2,06/01/05,Empoli,Treviso,0,1,A,0,1,A,1.72,2.87,5,1.7,2.9,5.35,1.7,2.9,5.25,1.7,2.8,4.8,1.73,2.9,5,1.73,2.88,5,,,,1.8,1.8,1.7,1.87,-0.5,,,,,,,,,,
203,I2,06/01/05,Modena,Catania,1,0,H,1,0,H,2,2.75,4,2.1,2.65,3.75,2,2.7,3.95,1.9,2.7,4,2,2.7,4,2,2.75,3.8,,,,1.9,1.7,2,1.6,-0.5,,,,,,,,,,
204,I2,06/01/05,Perugia,Ascoli,2,0,H,1,0,H,1.8,2.75,5,1.8,2.75,5,1.8,2.8,4.75,1.8,2.7,4.4,1.83,2.75,4.5,1.85,2.8,4.33,,,,1.8,1.8,1.8,1.76,-0.5,,,,,,,,,,
205,I2,06/01/05,Pescara,Bari,2,2,D,1,1,D,2.25,2.62,3.5,2.2,2.65,3.45,2.15,2.65,3.55,2.1,2.7,3.3,2.1,2.75,3.5,2.2,2.7,3.3,,,,2.1,1.56,2.15,1.52,-0.5,,,,,,,,,,
206,I2,06/01/05,Piacenza,Crotone,3,0,H,1,0,H,1.72,2.87,5,1.65,2.9,5.9,1.65,2.9,5.8,1.7,2.8,4.8,1.7,2.8,5.5,1.67,2.9,5.5,,,,1.8,1.8,1.65,1.93,-0.5,,,,,,,,,,
207,I2,06/01/05,Salernitana,Verona,1,2,A,1,1,D,2.2,2.75,3.25,2.35,2.75,3,2.25,2.75,3.15,2.4,2.7,2.8,2.3,2.75,3.1,2.3,2.75,3.1,,,,1.74,1.85,2.25,1.47,-0.5,,,,,,,,,,
208,I2,06/01/05,Torino,Ternana,2,1,H,1,0,H,1.57,3.5,5,1.6,2.9,6.5,1.6,3,6.1,1.55,3.1,5.5,1.62,2.9,6,1.62,3,5.75,,,,1.8,1.8,1.6,2.01,-0.5,,,,,,,,,,
209,I2,06/01/05,Venezia,Arezzo,1,2,A,1,1,D,2.37,2.75,3,2.4,2.6,3.15,2.4,2.6,3.1,2.3,2.6,3,2.38,2.7,3,2.38,2.7,3,,,,2,1.61,2.4,1.41,-0.5,,,,,,,,,,
210,I2,06/01/05,Vicenza,Triestina,2,1,H,1,0,H,2,2.75,4,2,2.7,4,2,2.7,4,2,2.7,3.6,2,2.7,4,2,2.75,3.8,,,,1.7,1.9,2,1.61,-0.5,,,,,,,,,,
211,I2,09/01/05,Albinoleffe,Torino,2,1,H,0,1,A,3,2.62,2.37,3.15,2.65,2.35,3,2.7,2.4,3,2.6,2.3,3.1,2.8,2.25,3,2.7,2.37,,,,,,1.42,2.4,0.5,,,,,,,,,,
212,I2,09/01/05,Ascoli,Salernitana,3,2,H,2,1,H,1.83,2.75,4.5,1.9,2.8,4.2,1.9,2.8,4.2,1.8,2.8,4.2,1.83,2.9,4.33,1.85,2.75,4.5,,,,,,1.9,1.68,-0.5,,,,,,,,,,
213,I2,09/01/05,Catania,Venezia,1,1,D,1,0,H,1.53,3,7,1.55,3.15,6.35,1.5,3.25,6.8,1.55,3.1,5.5,1.5,3.3,6.5,1.57,3.1,6,,,,,,1.5,2.2,-0.5,,,,,,,,,,
214,I2,09/01/05,Crotone,Pescara,3,0,H,1,0,H,2.1,2.87,3.75,2.15,2.65,3.6,2.1,2.7,3.6,2.1,2.6,3.5,1.9,2.75,4.2,2.1,2.7,3.6,,,,,,2.1,1.54,-0.5,,,,,,,,,,
215,I2,09/01/05,Genoa,Piacenza,1,0,H,1,0,H,1.53,3,7,1.55,3.1,6.5,1.55,3.1,6.5,1.55,3.1,5.5,1.61,3.1,5.5,1.57,3.1,6,,,,,,1.55,2.1,-0.5,,,,,,,,,,
216,I2,09/01/05,Ternana,Cesena,1,0,H,0,0,D,1.9,2.75,4.33,1.9,2.75,4.3,1.87,2.8,4.3,2,2.7,3.6,1.9,2.87,4,1.9,2.75,4.2,,,,,,1.87,1.7,-0.5,,,,,,,,,,
217,I2,09/01/05,Treviso,Modena,1,2,A,1,1,D,1.83,2.75,4.5,1.9,2.8,4.2,1.85,2.8,4.45,1.85,2.7,4.2,1.83,2.8,4.5,1.83,2.8,4.5,,,,,,1.85,1.72,-0.5,,,,,,,,,,
218,I2,09/01/05,Triestina,Perugia,0,0,D,0,0,D,2.75,2.62,2.62,2.8,2.65,2.6,2.8,2.6,2.6,2.75,2.6,2.55,2.7,2.7,2.6,2.8,2.62,2.6,,,,,,1.35,2.6,0.5,,,,,,,,,,
219,I2,09/01/05,Verona,Catanzaro,4,1,H,2,0,H,1.44,3.25,8,1.45,3.45,7,1.45,3.4,7.2,1.45,3.3,6.4,1.44,3.3,7.5,1.44,3.4,7,,,,,,1.45,2.31,-0.5,,,,,,,,,,
220,I2,10/01/05,Arezzo,Empoli,1,1,D,1,0,H,2.6,2.6,2.8,2.5,2.6,2.95,2.45,2.6,3,2.5,2.5,2.9,2.4,2.75,2.9,2.5,2.62,2.9,2.5,2.65,2.85,,,2.45,1.39,-0.5,,,,,,,,,,
221,I2,10/01/05,Bari,Vicenza,3,0,H,1,0,H,2.1,2.62,3.75,1.9,2.8,4.2,1.9,2.85,4.1,1.9,2.7,4,2,2.8,3.75,1.9,2.75,4.2,1.9,2.75,4.2,,,1.9,1.68,-0.5,,,,,,,,,,
222,I2,14/01/05,Pescara,Triestina,2,1,H,1,0,H,2.2,2.75,3.25,2.25,2.7,3.25,2.2,2.7,3.35,2.2,2.7,3.1,2.25,2.75,3.2,2.3,2.7,3.1,2.3,2.65,3.15,1.9,1.7,2.4,1.43,-0.5,,,,,,,,,,
223,I2,16/01/05,Catanzaro,Ternana,1,4,A,0,3,A,2.2,2.75,3.25,2.25,2.7,3.25,2.25,2.7,3.25,2.2,2.7,3.1,2.2,2.8,3.2,2.25,2.7,3.25,2.3,2.7,3.1,1.9,1.7,2.25,1.47,-0.5,,,,,,,,,,
224,I2,16/01/05,Cesena,Catania,1,0,H,0,0,D,2.2,2.75,3.25,2.3,2.65,3.25,2.25,2.7,3.25,2.2,2.6,3.2,2.2,2.8,3.25,2.25,2.7,3.2,2.2,2.65,3.4,1.9,1.7,2.25,1.47,-0.5,,,,,,,,,,
225,I2,16/01/05,Empoli,Bari,0,0,D,0,0,D,1.66,3,5,1.8,2.85,4.7,1.75,2.9,4.8,1.75,2.9,4.3,1.73,2.9,5,1.73,2.9,5,1.72,2.95,4.75,1.95,1.66,1.75,1.81,-0.5,,,,,,,,,,
226,I2,16/01/05,Modena,Ascoli,0,1,A,0,1,A,2,2.8,3.75,2,2.75,3.9,2,2.85,3.65,2,2.7,3.6,1.9,2.9,4,1.95,2.8,4,1.85,2.75,4.5,1.85,1.74,2,1.6,-0.5,,,,,,,,,,
227,I2,16/01/05,Perugia,Albinoleffe,1,0,H,0,0,D,1.61,3,6,1.6,3,6.15,1.6,3,6,1.6,3,5.2,1.6,3,6,1.62,3,5.75,1.6,3,6,1.85,1.74,1.6,2,-0.5,,,,,,,,,,
228,I2,16/01/05,Salernitana,Crotone,1,1,D,0,0,D,1.8,2.87,4.5,1.8,2.9,4.55,1.8,2.9,4.5,1.85,2.8,4,1.83,3,4,1.83,3,4,1.75,2.85,5,1.8,1.8,1.8,1.76,-0.5,,,,,,,,,,
229,I2,16/01/05,Torino,Treviso,1,2,A,1,1,D,1.61,3.2,5,1.6,3.05,5.9,1.65,3,5.5,1.65,2.9,5,1.7,3,5,1.67,3,5.2,1.7,3.05,4.75,1.8,1.8,1.65,1.94,-0.5,,,,,,,,,,
230,I2,16/01/05,Venezia,Genoa,0,3,A,0,1,A,3.75,2.8,2,3.75,2.8,2,3.65,2.85,2,3.6,2.7,2,4,2.9,1.9,3.8,2.8,2,4,2.75,1.95,1.9,1.7,1.6,2,0.5,,,,,,,,,,
231,I2,16/01/05,Vicenza,Arezzo,1,1,D,1,0,H,1.9,2.87,4,2,2.8,3.8,1.95,2.8,3.95,2,2.8,3.4,1.8,2.9,4.5,1.95,2.8,4,2,2.7,3.9,1.8,1.8,1.95,1.64,-0.5,,,,,,,,,,
232,I2,17/01/05,Piacenza,Verona,1,0,H,0,0,D,2.2,2.75,3.25,2.25,2.75,3.2,2.2,2.7,3.35,2.2,2.7,3.1,2.25,2.88,3,2.2,2.8,3.2,2.1,2.7,3.55,1.8,1.8,2.2,1.5,-0.5,,,,,,,,,,
233,I2,21/01/05,Genoa,Modena,0,0,D,0,0,D,1.57,3.1,6,1.6,2.95,6.45,1.57,3.1,6,1.65,3,4.8,1.53,3.2,6.5,1.6,3,6,1.6,3,6,1.7,1.9,1.57,2.04,-0.5,,,,,,,,,,
234,I2,23/01/05,Albinoleffe,Venezia,1,0,H,1,0,H,1.66,3.1,5,1.67,3.1,5,1.68,3,5.1,1.65,3,4.8,1.67,3.1,5,1.67,3.1,5,1.65,2.95,5.5,1.95,1.66,1.68,1.89,-0.5,,,,,,,,,,
235,I2,23/01/05,Ascoli,Empoli,1,1,D,0,1,A,2.2,2.75,3.25,2.15,2.75,3.4,2.1,2.8,3.45,2.2,2.6,3.2,2.1,2.8,3.4,2.1,2.8,3.4,2.15,2.8,3.3,1.8,1.8,2.1,1.55,-0.5,,,,,,,,,,
236,I2,23/01/05,Bari,Catanzaro,1,1,D,0,1,A,1.57,3.1,6,1.55,3.15,6.25,1.57,3.1,6,1.55,3.1,5.5,1.53,3.2,6.5,1.57,3.1,6,1.55,3.1,6.5,1.9,1.7,1.57,2.04,-0.5,,,,,,,,,,
237,I2,23/01/05,Catania,Arezzo,1,1,D,1,0,H,2.2,2.7,3.3,2.2,2.6,3.55,2.15,2.65,3.55,2.2,2.5,3.4,2.1,2.62,3.75,2.2,2.6,3.5,2.2,2.7,3.3,1.95,1.66,2.15,1.52,-0.5,,,,,,,,,,
238,I2,23/01/05,Piacenza,Pescara,0,1,A,0,1,A,1.66,2.9,5.5,1.65,2.9,5.9,1.62,3,5.7,1.65,3,4.8,1.62,3,6,1.67,3,5.2,1.65,2.95,5.5,1.9,1.7,1.62,1.97,-0.5,,,,,,,,,,
239,I2,23/01/05,Ternana,Vicenza,1,1,D,0,0,D,1.8,2.87,4.5,1.8,2.95,4.45,1.77,2.9,4.65,1.8,3,3.8,1.7,3,5,1.8,2.88,4.5,1.8,2.75,4.75,1.9,1.7,1.77,1.79,-0.5,,,,,,,,,,
240,I2,23/01/05,Treviso,Salernitana,1,0,H,0,0,D,1.66,2.9,5.5,1.65,3,5.45,1.7,3,4.9,1.7,3,4.4,1.62,3.1,5.5,1.67,3.1,5,1.65,2.95,5.5,1.8,1.8,1.7,1.86,-0.5,,,,,,,,,,
241,I2,23/01/05,Triestina,Cesena,0,2,A,0,1,A,2,2.87,3.6,2,2.7,4,1.95,2.75,4,2,2.7,3.6,2,2.8,3.75,2,2.7,4,2,2.8,3.7,1.9,1.7,1.95,1.63,-0.5,,,,,,,,,,
242,I2,23/01/05,Verona,Torino,2,0,H,1,0,H,2.1,2.75,3.5,2.1,2.7,3.65,2.1,2.75,3.5,2.1,2.7,3.3,2.1,2.7,3.6,2.1,2.75,3.5,,,,1.74,1.85,2.1,1.54,-0.5,,,,,,,,,,
243,I2,24/01/05,Crotone,Perugia,1,1,D,1,1,D,2.8,2.6,2.6,2.9,2.65,2.5,2.75,2.7,2.55,2.9,2.7,2.4,2.9,2.75,2.4,2.9,2.6,2.5,2.8,2.65,2.55,1.95,1.66,1.36,2.55,0.5,,,,,,,,,,
244,I2,28/01/05,Empoli,Verona,1,0,H,1,0,H,2.2,2.62,3.5,2.2,2.65,3.5,2.15,2.65,3.55,2.2,2.7,3.1,2.2,2.8,3.2,2.2,2.75,3.25,2.15,2.65,3.55,,,,,,,,,,,,,,,
245,I2,28/01/05,Salernitana,Ternana,1,1,D,1,0,H,2.25,2.62,3.39,2.2,2.75,3.3,2.2,2.7,3.35,2.3,2.7,2.9,2.2,2.8,3.2,2.25,2.75,3.2,2.2,2.7,3.35,,,,,,,,,,,,,,,
246,I2,30/01/05,Arezzo,Treviso,0,1,A,0,0,D,2.29,2.7,3.29,2.15,2.6,3.75,2.15,2.65,3.55,2.3,2.6,3,2.25,2.75,3.2,2.2,2.75,3.25,2.15,2.65,3.55,,,,,,,,,,,,,,,
247,I2,30/01/05,Catanzaro,Triestina,1,0,H,1,0,H,2.1,2.75,3.5,2,2.85,3.75,2.15,2.65,3.55,2.1,2.7,3.3,2.1,2.875,3.4,2.1,2.8,3.4,2.15,2.65,3.55,,,,,,,,,,,,,,,
248,I2,30/01/05,Cesena,Crotone,1,0,H,1,0,H,1.9,2.87,4,1.9,2.75,4.4,1.85,2.75,4.55,1.8,2.7,4.4,1.833,2.875,4.333,1.833,2.875,4.333,1.85,2.75,4.55,,,,,,,,,,,,,,,
249,I2,30/01/05,Modena,Albinoleffe,2,2,D,1,1,D,1.61,3,6,1.55,3.1,6.5,1.65,3,5.5,1.6,3,5.2,1.615,3,6,1.615,3.1,5.5,1.65,3,5.5,,,,,,,,,,,,,,,
250,I2,30/01/05,Perugia,Bari,0,1,A,0,1,A,1.66,3,5.5,1.67,2.9,5.75,1.65,2.95,5.6,1.7,2.8,4.8,1.667,2.875,5.5,1.667,3,5.2,1.65,2.95,5.6,,,,,,,,,,,,,,,
251,I2,30/01/05,Pescara,Genoa,2,2,D,1,2,A,3.2,2.79,2.2,3.5,2.65,2.2,3.35,2.7,2.2,3.5,2.6,2.1,3.2,2.8,2.2,3.3,2.7,2.2,3.35,2.7,2.2,,,,,,,,,,,,,,,
252,I2,30/01/05,Torino,Ascoli,2,1,H,1,1,D,1.83,2.87,4.33,1.85,2.85,4.4,1.85,2.75,4.55,1.85,2.8,4,1.909,2.875,4,1.85,2.8,4.333,1.85,2.75,4.55,,,,,,,,,,,,,,,
253,I2,30/01/05,Venezia,Piacenza,1,0,H,0,0,D,2.75,2.75,2.5,2.8,2.75,2.5,2.8,2.8,2.45,2.8,2.7,2.4,2.8,2.875,2.375,2.8,2.75,2.5,2.8,2.8,2.45,,,,,,,,,,,,,,,
254,I2,30/01/05,Vicenza,Catania,2,2,D,1,1,D,1.9,2.87,4,1.85,2.7,4.75,1.9,2.75,4.25,1.9,2.7,4,1.8,2.875,4.5,1.85,2.8,4.333,1.9,2.75,4.25,,,,,,,,,,,,,,,
255,I2,02/02/05,Catania,Catanzaro,2,0,H,2,0,H,1.72,3,5,1.7,2.95,5.2,1.7,2.8,5.5,1.7,2.7,5,1.75,2.8,5,1.73,2.88,5,1.7,2.95,5,1.85,1.74,1.7,1.86,-0.5,,,,,,,,,,
256,I2,03/02/05,Albinoleffe,Pescara,4,0,H,1,0,H,2,2.7,4,2,2.7,4.05,2,2.75,3.8,2,2.7,3.6,2,2.88,3.6,2,2.75,3.8,2,2.75,3.8,1.95,1.66,2,1.6,-0.5,,,,,,,,,,
257,I2,03/02/05,Ascoli,Arezzo,2,2,D,2,0,H,1.8,2.79,5,1.9,2.7,4.5,1.8,2.8,4.75,1.65,2.8,5.2,1.83,2.9,4.33,1.8,2.7,5,1.8,2.8,4.75,1.85,1.74,1.8,1.76,-0.5,,,,,,,,,,
258,I2,03/02/05,Bari,Cesena,1,1,D,1,0,H,1.83,2.79,4.5,1.85,2.8,4.5,1.91,2.8,4.1,1.9,2.7,4,1.91,2.75,4.33,1.95,2.75,4,1.95,2.8,3.9,1.95,1.66,1.91,1.66,-0.5,,,,,,,,,,
259,I2,03/02/05,Crotone,Vicenza,0,1,A,0,0,D,2.1,2.7,3.6,2.15,2.8,3.35,2.1,2.75,3.5,2.1,2.6,3.5,2.1,2.9,3.3,2.1,2.75,3.5,2.15,2.8,3.3,1.8,1.8,2.1,1.54,-0.5,,,,,,,,,,
260,I2,03/02/05,Genoa,Torino,0,0,D,0,0,D,1.8,2.79,5,1.85,2.75,4.65,1.83,2.8,4.5,1.85,2.7,4.2,1.83,2.8,4.5,1.8,2.8,4.75,1.85,2.75,4.5,1.85,1.74,1.83,1.73,-0.5,,,,,,,,,,
261,I2,03/02/05,Piacenza,Modena,1,0,H,0,0,D,2,2.7,4,2.25,2.75,3.2,2.1,2.75,3.5,2,2.8,3.4,2.2,2.8,3.2,2.1,2.75,3.5,2.1,2.75,3.5,1.95,1.66,2.1,1.54,-0.5,,,,,,,,,,
262,I2,03/02/05,Ternana,Empoli,1,1,D,1,1,D,2.6,2.6,2.79,2.45,2.65,3,2.5,2.7,2.85,2.5,2.6,2.8,2.6,2.7,2.7,2.5,2.7,2.8,2.4,2.7,2.95,2,1.61,2.5,1.39,-0.5,,,,,,,,,,
263,I2,03/02/05,Treviso,Perugia,1,0,H,0,0,D,2.2,2.6,3.5,2.3,2.7,3.2,2.2,2.7,3.35,2.1,2.6,3.5,2.2,2.8,3.25,2.25,2.7,3.25,2.3,2.7,3.1,2,1.61,2.2,1.5,-0.5,,,,,,,,,,
264,I2,03/02/05,Triestina,Salernitana,1,0,H,0,0,D,2,2.7,4,2.1,2.8,3.5,2.05,2.75,3.65,2.1,2.7,3.3,2.2,2.8,3.25,2.05,2.7,3.75,2,2.8,3.7,2,1.61,2.05,1.57,-0.5,,,,,,,,,,
265,I2,03/02/05,Verona,Venezia,1,0,H,0,0,D,1.5,3.39,6,1.55,3.25,6,1.5,3.25,6.75,1.45,3.3,6.4,1.57,3.2,6,1.53,3.25,6,1.45,3.4,7,1.8,1.8,1.5,2.19,-0.5,,,,,,,,,,
266,I2,06/02/05,Arezzo,Verona,2,1,H,0,0,D,2.38,2.75,3,2.3,2.65,3.25,2.25,2.7,3.25,2.4,2.6,2.9,2.3,2.75,3.1,2.38,2.7,3,2.37,2.62,3.1,1.85,1.74,2.25,1.47,-0.5,,,,,,,,,,
267,I2,06/02/05,Catanzaro,Ascoli,2,3,A,0,1,A,2.5,2.75,2.75,2.55,2.75,2.75,2.5,2.8,2.7,2.5,2.6,2.8,2.5,2.8,2.75,2.5,2.7,2.8,2.37,2.7,3,1.95,1.66,2.5,1.37,-0.5,,,,,,,,,,
268,I2,06/02/05,Empoli,Triestina,2,0,H,0,0,D,1.53,3,7,1.55,3.2,6.15,1.57,3,6.5,1.55,3,5.7,1.571,3,6.5,1.57,3.1,6,1.57,3,6.5,1.8,1.8,1.57,2.05,-0.5,,,,,,,,,,
269,I2,06/02/05,Modena,Crotone,2,0,H,2,0,H,1.53,3,7,1.55,3.2,6.15,1.55,3.2,6,1.55,3,5.7,1.533,3.2,6.5,1.53,3.1,6.5,1.53,3.25,6,1.9,1.7,1.55,2.09,-0.5,,,,,,,,,,
270,I2,06/02/05,Perugia,Catania,1,1,D,1,0,H,1.61,3,6,1.7,2.85,5.5,1.65,2.95,5.5,1.65,2.9,5,1.667,2.9,5.5,1.67,3,5.25,1.6,3,6,1.9,1.7,1.65,1.92,-0.5,,,,,,,,,,
271,I2,06/02/05,Pescara,Treviso,1,0,H,0,0,D,2.75,2.75,2.5,2.75,2.85,2.45,2.7,2.8,2.5,2.7,2.6,2.6,2.7,2.8,2.5,2.62,2.7,2.7,2.62,2.62,2.75,1.9,1.7,1.37,2.5,0.5,,,,,,,,,,
272,I2,06/02/05,Salernitana,Genoa,4,0,H,2,0,H,3.25,2.75,2.2,3.3,2.75,2.2,3.2,2.7,2.25,3.5,2.6,2.1,3.2,2.8,2.2,3.25,2.75,2.2,,,,1.8,1.8,1.46,2.25,0.5,,,,,,,,,,
273,I2,06/02/05,Venezia,Ternana,3,3,D,1,2,A,2.4,2.75,2.88,2.45,2.75,2.85,2.4,2.8,2.85,2.4,2.6,2.9,2.375,3,2.75,2.38,2.7,3,2.37,2.62,3.1,2.1,1.56,2.4,1.41,-0.5,,,,,,,,,,
274,I2,06/02/05,Vicenza,Albinoleffe,4,1,H,3,1,H,1.83,2.88,4.5,1.85,3,4.1,1.8,2.9,4.5,1.85,2.7,4.2,1.8,3,4.333,1.85,2.8,4.33,1.8,2.75,4.8,1.85,1.74,1.8,1.76,-0.5,,,,,,,,,,
275,I2,07/02/05,Cesena,Piacenza,1,0,H,0,0,D,2.2,2.75,3.25,2.3,2.7,3.15,2.25,2.7,3.2,2.1,2.7,3.3,2.2,2.9,3.1,2.2,2.75,3.25,2.1,2.75,3.5,1.95,1.66,2.25,1.46,-0.5,,,,,,,,,,
276,I2,07/02/05,Torino,Bari,2,0,H,0,0,D,1.61,3,6,1.67,2.9,5.65,1.65,2.95,5.5,1.7,2.8,4.8,1.667,2.875,5.5,1.67,3,5.2,1.6,3,6,1.8,1.8,1.65,1.92,-0.5,,,,,,,,,,
277,I2,11/02/05,Triestina,Arezzo,2,1,H,1,0,H,2.2,2.7,3.4,2.45,2.6,3.05,2.4,2.65,3.1,2.3,2.6,3,2.3,2.75,3.1,2.38,2.7,3,2.3,2.7,3.1,2,1.61,2.4,1.43,-0.5,,,,,,,,,,
278,I2,13/02/05,Albinoleffe,Bari,0,1,A,0,0,D,2.25,2.6,3.4,2.25,2.65,3.35,2.25,2.7,3.3,2.2,2.6,3.2,2.2,2.75,3.3,2.25,2.62,3.3,2.2,2.7,3.3,1.95,1.66,2.25,1.49,-0.5,,,,,,,,,,
279,I2,13/02/05,Catania,Torino,1,0,H,0,0,D,2.6,2.7,2.7,2.6,2.65,2.8,2.55,2.65,2.85,2.6,2.6,2.7,2.4,2.75,2.9,2.5,2.7,2.8,2.6,2.7,2.7,2,1.61,2.55,1.37,-0.5,,,,,,,,,,
280,I2,13/02/05,Crotone,Catanzaro,3,0,H,1,0,H,2.1,2.7,3.6,2.15,2.75,3.4,2.1,2.75,3.6,2,2.7,3.6,2.1,2.8,3.5,2.1,2.75,3.5,2.15,2.75,3.35,1.95,1.66,2.1,1.56,-0.5,,,,,,,,,,
281,I2,13/02/05,Genoa,Perugia,0,1,A,0,1,A,1.8,2.75,5,1.7,2.9,5.35,1.75,2.8,5.25,1.75,2.8,4.5,1.73,2.9,5,1.73,2.8,5.2,1.75,2.8,5,1.85,1.74,1.75,1.83,-0.5,,,,,,,,,,
282,I2,13/02/05,Pescara,Venezia,0,0,D,0,0,D,1.83,2.8,4.5,1.9,2.9,4.05,1.85,2.8,4.5,1.8,2.7,4.4,1.8,2.9,4.5,1.85,2.8,4.33,1.8,2.85,4.5,1.95,1.66,1.85,1.73,-0.5,,,,,,,,,,
283,I2,13/02/05,Piacenza,Vicenza,0,0,D,0,0,D,2.1,2.7,3.6,2,2.8,3.8,2,2.8,3.85,1.9,2.7,4,2,2.8,3.75,2,2.8,3.75,1.95,2.8,3.85,1.8,1.8,2,1.62,-0.5,,,,,,,,,,
284,I2,13/02/05,Salernitana,Empoli,1,1,D,1,1,D,2.6,2.7,2.7,2.55,2.55,2.95,2.6,2.65,2.8,2.6,2.6,2.7,2.5,2.8,2.75,2.6,2.7,2.7,2.5,2.75,2.75,1.9,1.7,2.6,1.36,-0.5,,,,,,,,,,
285,I2,13/02/05,Ternana,Modena,2,1,H,0,0,D,2.25,2.6,3.4,2.3,2.65,3.25,2.25,2.7,3.3,2.2,2.6,3.2,2.25,2.75,3.2,2.25,2.7,3.25,2.15,2.75,3.35,2,1.61,2.25,1.49,-0.5,,,,,,,,,,
286,I2,13/02/05,Verona,Cesena,2,1,H,1,0,H,1.72,2.87,5,1.8,2.75,5,1.75,2.8,5.25,1.75,2.8,4.5,1.83,2.8,4.5,1.75,2.8,5,1.7,2.85,5.3,1.85,1.74,1.75,1.83,-0.5,,,,,,,,,,
287,I2,14/02/05,Treviso,Ascoli,1,1,D,1,0,H,2.1,2.7,3.6,2.15,2.65,3.6,2.1,2.7,3.7,2,2.7,3.6,2,2.8,3.75,2.1,2.7,3.6,2,2.7,3.9,1.9,1.7,2.1,1.56,-0.5,,,,,,,,,,
288,I2,18/02/05,Modena,Pescara,0,0,D,0,0,D,1.72,2.87,5,1.7,2.95,5.2,1.7,2.9,5.25,1.75,2.8,4.5,1.7,2.8,5.5,1.73,2.9,5,1.7,3,5,2,1.61,1.7,1.87,-0.5,,,,,,,,,,
289,I2,20/02/05,Arezzo,Ternana,1,2,A,0,1,A,2.2,2.75,3.25,2.2,2.55,3.65,2.1,2.6,3.8,2.2,2.6,3.2,2.1,2.62,3.75,2.2,2.6,3.4,2.1,2.62,3.8,2,1.61,2.1,1.54,-0.5,,,,,,,,,,
290,I2,20/02/05,Ascoli,Catania,1,2,A,1,0,H,1.9,2.8,4,1.9,2.7,4.5,1.9,2.7,4.45,1.9,2.7,4,2,2.7,4,1.91,2.7,4.33,1.9,2.7,4.33,1.8,1.8,1.9,1.68,-0.5,,,,,,,,,,
291,I2,20/02/05,Bari,Verona,1,0,H,1,0,H,2.37,2.7,3,2.3,2.6,3.3,2.25,2.7,3.25,2.3,2.6,3,2.25,2.7,3.2,2.4,2.7,2.9,2.2,2.62,3.5,1.95,1.66,2.25,1.47,-0.5,,,,,,,,,,
292,I2,20/02/05,Catanzaro,Albinoleffe,0,1,A,0,1,A,2.2,2.75,3.25,2.1,2.95,3.25,2.15,2.85,3.25,2.2,2.6,3.2,2.1,2.9,3.25,2.2,2.8,3.1,2.1,2.75,3.5,1.95,1.66,2.15,1.52,-0.5,,,,,,,,,,
293,I2,20/02/05,Cesena,Venezia,1,1,D,1,0,H,1.66,2.87,5.5,1.8,2.8,4.8,1.75,2.9,4.85,1.7,2.8,4.8,1.7,3,5,1.67,2.9,5.5,1.66,2.9,5.5,2,1.6,1.75,1.81,-0.5,,,,,,,,,,
294,I2,20/02/05,Empoli,Piacenza,0,0,D,0,0,D,1.72,2.87,5,1.7,3,5,1.65,3,5.5,1.65,2.9,5,1.67,3,5.5,1.73,2.9,5,1.66,2.9,5.5,2,1.61,1.65,1.94,-0.5,,,,,,,,,,
295,I2,20/02/05,Torino,Crotone,1,0,H,1,0,H,1.44,3.6,6.5,1.4,3.55,8,1.4,3.7,7.25,1.4,3.4,7,1.44,3.3,7.5,1.4,3.5,8,1.4,3.5,8,1.8,1.8,1.4,2.45,-0.5,,,,,,,,,,
296,I2,20/02/05,Treviso,Triestina,2,0,H,1,0,H,1.72,2.87,5,1.72,2.9,5.1,1.73,2.9,5,1.75,2.8,4.5,1.62,3.1,5.5,1.73,2.9,5,1.66,2.9,5.5,2,1.6,1.73,1.84,-0.5,,,,,,,,,,
297,I2,20/02/05,Vicenza,Genoa,2,2,D,1,0,H,2.5,2.62,2.9,2.5,2.6,2.95,2.5,2.6,2.95,2.6,2.6,2.7,2.4,2.6,3.1,2.5,2.6,2.9,2.6,2.6,2.8,1.8,1.8,2.5,1.38,-0.5,,,,,,,,,,
298,I2,21/02/05,Perugia,Salernitana,0,1,A,0,1,A,1.61,3.1,5.5,1.6,3.05,6,1.6,3.1,5.7,1.65,2.9,5,1.57,3.1,6,1.6,3,6,1.6,3,6,1.95,1.66,1.6,2.01,-0.5,,,,,,,,,,
299,I2,25/02/05,Piacenza,Torino,1,0,H,0,0,D,2.6,2.8,2.6,2.65,2.65,2.75,2.6,2.7,2.7,2.6,2.6,2.7,2.62,2.62,2.75,2.5,2.75,2.8,2.6,2.7,2.7,2.15,1.55,2.6,1.35,-0.5,,,,,,,,,,
300,I2,27/02/05,Cesena,Perugia,0,1,A,0,0,D,2.5,2.75,2.75,2.7,2.6,2.75,2.55,2.7,2.75,2.6,2.6,2.7,2.5,2.75,2.8,2.6,2.62,2.8,2.55,2.7,2.75,2.1,1.56,2.55,1.36,-0.5,,,,,,,,,,
301,I2,27/02/05,Crotone,Arezzo,2,0,H,1,0,H,2.1,2.7,3.5,2.2,2.7,3.4,2.15,2.75,3.35,2.2,2.6,3.2,2.1,2.8,3.4,2.2,2.75,3.25,2.25,2.7,3.2,1.9,1.7,2.15,1.51,-0.5,,,,,,,,,,
302,I2,27/02/05,Genoa,Bari,2,1,H,1,1,D,1.61,3,6,1.55,3.15,6.35,1.6,3.05,5.8,1.6,3,5.2,1.67,3,5.5,1.62,3,5.75,1.65,2.95,5.5,1.9,1.7,1.6,2,-0.5,,,,,,,,,,
303,I2,27/02/05,Pescara,Vicenza,4,0,H,0,0,D,2.2,2.75,3.25,2.2,2.7,3.4,2.2,2.7,3.35,2,2.7,3.6,2.1,2.75,3.5,2.2,2.7,3.3,2.15,2.75,3.35,1.9,1.7,2.2,1.5,-0.5,,,,,,,,,,
304,I2,27/02/05,Salernitana,Catanzaro,0,0,D,0,0,D,1.61,3,6,1.6,3.1,5.8,1.6,3.05,5.8,1.6,3,5.2,1.57,3,6.5,1.6,3,6,1.6,3.1,5.5,1.8,1.8,1.6,2,-0.5,,,,,,,,,,
305,I2,27/02/05,Ternana,Treviso,3,2,H,2,1,H,2.2,2.75,3.25,2.2,2.65,3.5,2.2,2.75,3.25,2.2,2.6,3.2,2.2,2.8,3.2,2.25,2.75,3.2,2.25,2.75,3.15,2,1.61,2.2,1.49,-0.5,,,,,,,,,,
306,I2,27/02/05,Triestina,Catania,3,1,H,2,0,H,2.37,2.62,3.2,2.35,2.6,3.25,2.3,2.7,3.1,2.3,2.6,3,2.38,2.75,3,2.38,2.62,3.1,,,,2,1.61,2.3,1.44,-0.5,,,,,,,,,,
307,I2,27/02/05,Venezia,Modena,0,0,D,0,0,D,2.37,2.75,3,2.35,2.75,3.05,2.3,2.8,3,2.4,2.6,2.9,2.25,2.88,3,2.3,2.75,3.1,2.4,2.8,2.85,1.95,1.66,2.3,1.45,-0.5,,,,,,,,,,
308,I2,27/02/05,Verona,Ascoli,2,2,D,1,2,A,1.9,2.87,4,2,2.8,3.8,1.9,2.85,4,1.9,2.7,4,1.9,2.88,4,1.95,2.8,4,1.95,2.8,3.9,1.85,1.74,1.9,1.66,-0.5,,,,,,,,,,
309,I2,28/02/05,Albinoleffe,Empoli,0,0,D,0,0,D,2.4,2.62,3.1,2.45,2.65,3,2.5,2.7,2.8,2.5,2.6,2.8,2.5,2.75,2.88,2.5,2.7,2.8,2.4,2.75,2.9,1.9,1.7,2.5,1.37,-0.5,,,,,,,,,,
310,I2,04/03/05,Bari,Crotone,0,0,D,0,0,D,1.8,2.87,4.5,1.75,2.85,5.05,1.75,2.9,4.85,1.75,2.8,4.5,1.7,3,5,1.75,2.88,4.75,1.75,2.85,5,1.61,2,1.75,1.81,-0.5,,,,,,,,,,
311,I2,06/03/05,Arezzo,Pescara,1,1,D,0,0,D,2,2.7,4,1.95,2.65,4.35,2.05,2.65,3.85,2.1,2.6,3.5,2,2.7,4,2,2.7,4,2.1,2.65,3.65,1.61,2,2.05,1.57,-0.5,,,,,,,,,,
312,I2,06/03/05,Ascoli,Albinoleffe,2,3,A,2,2,D,1.72,2.87,5,1.75,3,4.7,1.75,2.9,4.85,1.7,2.8,4.8,1.7,3,5,1.75,3,4.5,1.8,2.9,4.5,1.8,1.8,1.75,1.81,-0.5,,,,,,,,,,
313,I2,06/03/05,Catania,Verona,1,1,D,1,0,H,2.2,2.75,3.25,2.2,2.65,3.5,2.2,2.6,3.5,2.2,2.6,3.2,2.2,2.75,3.25,2.2,2.7,3.3,2.2,2.7,3.3,1.66,1.95,2.2,1.49,-0.5,,,,,,,,,,
314,I2,06/03/05,Catanzaro,Piacenza,1,3,A,1,1,D,2.5,2.87,2.62,2.5,2.85,2.7,2.6,2.8,2.65,2.65,2.6,2.65,2.6,2.8,2.62,2.6,2.75,2.62,2.6,2.8,2.6,1.66,1.95,2.6,1.36,-0.5,,,,,,,,,,
315,I2,06/03/05,Empoli,Venezia,5,2,H,3,2,H,1.5,3.4,6,1.45,3.45,7,1.45,3.4,7.2,1.45,3.3,6.4,1.44,3.3,7.5,1.44,3.5,7,1.45,3.4,7,1.56,2.1,1.45,2.31,-0.5,,,,,,,,,,
316,I2,06/03/05,Perugia,Modena,0,0,D,0,0,D,1.66,3.1,5,1.7,3,5,1.7,3,4.95,1.7,2.8,4.8,1.62,3.1,5.5,1.7,3,5,1.7,3.15,4.5,1.56,2.1,1.7,1.87,-0.5,,,,,,,,,,
317,I2,06/03/05,Torino,Salernitana,0,0,D,0,0,D,1.53,3.25,6,1.55,3.15,6.25,1.55,3.2,6,1.55,3.1,5.5,1.53,3.2,6,1.53,3.25,6,1.55,3.2,6,1.7,1.9,1.55,2.09,-0.5,,,,,,,,,,
318,I2,06/03/05,Triestina,Ternana,3,1,H,3,0,H,2.3,2.7,3.1,2.4,2.55,3.2,2.4,2.65,3.05,2.4,2.7,2.8,2.4,2.75,2.9,2.38,2.62,3.1,2.35,2.7,3,1.7,1.9,2.4,1.42,-0.5,,,,,,,,,,
319,I2,06/03/05,Vicenza,Cesena,4,1,H,1,1,D,1.8,2.87,4.5,1.85,2.65,4.9,1.85,2.8,4.5,1.85,2.7,4.2,1.83,2.8,4.5,1.83,2.8,4.5,1.9,2.8,4.1,1.8,1.8,1.85,1.73,-0.5,,,,,,,,,,
320,I2,07/03/05,Treviso,Genoa,3,0,H,1,0,H,2.5,2.62,2.87,2.7,2.5,2.85,2.65,2.6,2.8,2.5,2.6,2.8,2.5,2.62,2.9,2.6,2.62,2.8,2.3,2.7,3.1,1.66,1.95,2.65,1.35,-0.5,,,,,,,,,,
321,I2,11/03/05,Pescara,Perugia,2,1,H,1,0,H,2.62,2.62,2.75,2.8,2.55,2.7,2.6,2.65,2.7,2.6,2.6,2.7,2.5,2.75,2.8,2.6,2.7,2.7,2.6,2.65,2.75,2.1,1.56,2.6,1.34,-0.5,,,,,,,,,,
322,I2,13/03/05,Bari,Ascoli,0,1,A,0,1,A,2.3,2.7,3.1,2.25,2.65,3.35,2.25,2.7,3.2,2.2,2.6,3.2,2.2,2.7,3.3,2.25,2.7,3.25,2.25,2.65,3.25,2,1.61,2.25,1.46,-0.5,,,,,,,,,,
323,I2,13/03/05,Cesena,Torino,1,0,H,0,0,D,2.62,2.75,2.62,2.8,2.55,2.7,2.7,2.65,2.6,2.6,2.6,2.7,2.62,2.8,2.62,2.6,2.7,2.7,2.6,2.7,2.7,2,1.61,1.34,2.6,0.5,,,,,,,,,,
324,I2,13/03/05,Crotone,Empoli,1,1,D,1,1,D,2.75,2.75,2.5,2.75,2.65,2.65,2.7,2.7,2.6,2.75,2.6,2.55,2.75,2.8,2.5,2.7,2.7,2.6,2.65,2.7,2.65,2.1,1.56,1.35,2.6,0.5,,,,,,,,,,
325,I2,13/03/05,Genoa,Arezzo,3,1,H,2,1,H,1.44,3.6,6.5,1.4,3.65,7.5,1.45,3.5,6.5,1.45,3.3,6.4,1.4,3.5,8,1.4,3.6,7.5,1.4,3.45,8,1.74,1.85,1.45,2.28,-0.5,,,,,,,,,,
326,I2,13/03/05,Modena,Catanzaro,2,0,H,2,0,H,1.44,3.5,7,1.45,3.4,7.3,1.45,3.5,6.5,1.45,3.3,6.4,1.44,3.25,8,1.44,3.5,7,1.4,3.45,8,1.85,1.74,1.45,2.28,-0.5,,,,,,,,,,
327,I2,13/03/05,Piacenza,Salernitana,0,1,A,0,1,A,1.72,2.87,5,1.8,2.75,5,1.75,2.85,4.8,1.7,2.8,4.8,1.8,2.9,4.5,1.8,2.88,4.5,1.75,2.9,4.75,2,1.61,1.75,1.79,-0.5,,,,,,,,,,
328,I2,13/03/05,Venezia,Vicenza,2,0,H,0,0,D,2.5,2.75,2.75,2.55,2.9,2.6,2.55,2.7,2.7,2.6,2.6,2.7,2.5,2.9,2.62,2.5,2.8,2.75,2.45,2.85,2.7,1.74,1.85,2.55,1.35,-0.5,,,,,,,,,,
329,I2,14/03/05,Ternana,Catania,0,0,D,0,0,D,2,2.7,4,2.1,2.6,3.85,2.05,2.7,3.7,2,2.7,3.6,2,2.7,4,2.05,2.7,3.75,2,2.7,3.9,2,1.61,2.05,1.56,-0.5,,,,,,,,,,
330,I2,17/03/05,Albinoleffe,Treviso,2,2,D,0,1,A,2.37,2.7,3,2.6,2.55,2.9,2.5,2.65,2.85,2.3,2.8,2.8,2.5,2.75,2.75,2.37,2.7,3,2.5,2.75,2.75,1.95,1.71,2.5,1.37,-0.5,,,,,,,,,,
331,I2,17/03/05,Verona,Triestina,0,0,D,0,0,D,1.72,2.87,5,1.8,2.65,5.3,1.75,2.8,5,1.64,2.9,5,1.72,2.9,5,1.7,3.5,5,1.7,2.95,5,1.95,1.71,1.75,1.79,-0.5,,,,,,,,,,
332,I2,26/03/05,Arezzo,Modena,1,2,A,1,0,H,2.3,2.7,3.1,2.35,2.65,3.15,2.3,2.65,3.2,2.3,2.6,3,2.25,2.75,3.2,2.3,2.7,3.1,2.35,2.65,3.1,2,1.61,2.3,1.45,-0.5,,,,,,,,,,
333,I2,26/03/05,Ascoli,Piacenza,1,0,H,0,0,D,2,2.7,4,1.9,2.75,4.3,1.9,2.75,4.25,2,2.7,3.6,1.91,2.75,4.33,1.95,2.75,4,1.95,2.75,4,1.95,1.66,1.9,1.67,-0.5,,,,,,,,,,
334,I2,26/03/05,Catania,Crotone,1,0,H,0,0,D,1.8,3.1,5,1.7,2.85,5.5,1.65,3,5.5,1.7,2.8,4.8,1.67,3,5.5,1.7,3,5,1.7,2.95,5,2,1.61,1.65,1.94,-0.5,,,,,,,,,,
335,I2,26/03/05,Catanzaro,Cesena,2,2,D,1,1,D,2.5,2.75,2.75,2.55,2.85,2.65,2.55,2.9,2.6,2.5,2.8,2.6,2.5,2.88,2.7,2.5,2.88,2.62,2.55,2.85,2.6,1.9,1.7,2.55,1.37,-0.5,,,,,,,,,,
336,I2,26/03/05,Empoli,Perugia,1,0,H,1,0,H,2,2.7,4,2.15,2.55,3.8,2.1,2.65,3.7,2.1,2.6,3.5,2.1,2.62,4,2.1,2.7,3.6,2,2.7,3.9,2.1,1.56,2.1,1.54,-0.5,,,,,,,,,,
337,I2,26/03/05,Salernitana,Venezia,0,0,D,0,0,D,1.66,3.1,5,1.6,3.15,5.7,1.6,3.1,5.7,1.65,2.9,5,1.62,3,6,1.67,3,5.25,1.65,3.1,5,1.95,1.66,1.6,2.01,-0.5,,,,,,,,,,
338,I2,26/03/05,Ternana,Bari,0,1,A,0,1,A,2,2.7,4,2.15,2.5,3.9,2.1,2.65,3.7,2,2.7,3.6,2.1,2.75,3.6,2.1,2.7,3.6,2,2.7,3.9,2,1.61,2.1,1.54,-0.5,,,,,,,,,,
339,I2,26/03/05,Torino,Pescara,3,1,H,3,0,H,1.66,3.1,5,1.55,3.1,6.5,1.55,3.1,6.5,1.6,3,5.2,1.57,3,6.5,1.62,3.1,5.5,1.6,3,5.9,1.95,1.66,1.55,2.1,-0.5,,,,,,,,,,
340,I2,26/03/05,Treviso,Vicenza,2,0,H,2,0,H,1.72,3.1,4.5,1.7,2.9,5.25,1.65,3,5.5,1.65,2.9,5,1.62,3,6,1.7,3,5,1.6,3.1,5.5,1.95,1.66,1.65,1.94,-0.5,,,,,,,,,,
341,I2,26/03/05,Triestina,Albinoleffe,2,1,H,2,1,H,2.2,2.75,3.25,2.2,2.65,3.5,2.15,2.65,3.55,2.1,2.7,3.3,2.1,2.75,3.6,2.2,2.62,3.5,2.15,2.65,3.5,1.9,1.7,2.15,1.52,-0.5,,,,,,,,,,
342,I2,26/03/05,Verona,Genoa,1,1,D,0,1,A,2.5,2.75,2.75,2.6,2.55,2.9,2.55,2.65,2.85,2.5,2.6,2.8,2.6,2.6,2.88,2.5,2.62,2.88,2.45,2.7,2.9,1.85,1.74,2.55,1.37,-0.5,,,,,,,,,,
343,I2,01/04/05,Cesena,Arezzo,0,1,A,0,0,D,1.9,2.75,4.2,1.85,3,4.1,1.85,2.95,4,1.8,2.8,4.2,1.83,3,4,1.85,2.88,4.2,1.8,2.9,4.4,,,1.85,1.7,-0.5,,,,,,,,,,
344,I2,09/04/05,Bari,Catania,1,0,H,0,0,D,2.2,2.75,3.25,2.2,2.5,3.75,2.15,2.6,3.5,2.1,2.6,3.5,2.2,2.6,3.5,2.2,2.6,3.5,2.2,2.6,3.45,2.1,1.56,2.15,1.49,-0.5,,,,,,,,,,
345,I2,09/04/05,Crotone,Triestina,4,2,H,2,1,H,1.9,2.62,4.5,1.8,3,4.35,1.8,2.95,4.15,1.9,2.7,4,1.9,2.9,4,1.8,2.8,4.5,1.9,2.85,4,2,1.61,1.8,1.72,-0.5,,,,,,,,,,
346,I2,09/04/05,Genoa,Albinoleffe,3,2,H,2,2,D,1.44,3.6,6.5,1.4,3.75,7,1.37,3.75,7.5,1.45,3.3,6.4,1.44,3.4,7.5,1.33,3.75,8.5,1.4,3.55,7.5,1.7,1.9,1.37,2.5,-0.5,,,,,,,,,,
347,I2,09/04/05,Perugia,Ternana,4,0,H,3,0,H,1.8,2.75,5,1.85,2.7,4.8,1.8,2.8,4.5,1.85,2.7,4.2,1.83,2.75,4.5,1.8,2.75,4.75,1.8,2.75,4.75,2.1,1.56,1.8,1.73,-0.5,,,,,,,,,,
348,I2,09/04/05,Pescara,Salernitana,0,2,A,0,1,A,2,2.75,3.8,2.15,2.6,3.7,2.1,2.65,3.6,2.1,2.6,3.5,2.1,2.7,3.6,2.1,2.6,3.75,2.05,2.7,3.7,1.95,1.66,2.1,1.53,-0.5,,,,,,,,,,
349,I2,09/04/05,Piacenza,Treviso,3,2,H,1,0,H,2.2,2.75,3.25,2.3,2.6,3.3,2.25,2.65,3.2,2.3,2.3,3,2.25,2.75,3.2,2.25,2.6,3.3,2.3,2.7,3.1,1.95,1.66,2.25,1.45,-0.5,,,,,,,,,,
350,I2,09/04/05,Torino,Empoli,0,0,D,0,0,D,2.1,2.75,3.5,2.15,2.7,3.5,2.1,2.7,3.5,2,2.7,3.6,2.1,2.7,3.6,2.1,2.6,3.75,2.15,2.7,3.4,2,1.61,2.1,1.52,-0.5,,,,,,,,,,
351,I2,09/04/05,Venezia,Catanzaro,2,0,H,1,0,H,1.61,3.25,5,1.7,3.25,4.4,1.72,3.1,4.33,1.75,2.9,4.3,1.8,3.1,4,1.7,3.2,4.33,1.75,3,4.5,1.9,1.7,1.72,1.81,-0.5,,,,,,,,,,
352,I2,09/04/05,Vicenza,Ascoli,1,1,D,1,0,H,2.2,2.75,3.25,2.2,2.7,3.35,2.15,2.65,3.45,2.2,2.7,3.1,2.2,2.75,3.25,2.2,2.6,3.5,2.2,2.7,3.3,1.85,1.74,2.15,1.5,-0.5,,,,,,,,,,
353,I2,10/04/05,Modena,Verona,2,0,H,1,0,H,,,,2.3,2.55,3.4,2.3,2.7,3.05,2.2,2.6,3.2,2.2,2.8,3.2,2.25,2.6,3.3,2.3,2.65,3.15,2.1,1.56,2.3,1.43,-0.5,,,,,,,,,,
354,I2,15/04/05,Catania,Piacenza,1,1,D,1,1,D,2.1,2.75,3.5,2.2,2.65,3.5,2.1,2.65,3.5,2.1,2.6,3.5,2.1,2.8,3.5,2.1,2.7,3.6,2.1,2.7,3.55,,,2.1,1.51,-0.5,,,,,,,,,,
355,I2,15/04/05,Empoli,Pescara,2,1,H,2,1,H,1.44,3.6,6.5,1.45,3.5,7,1.45,3.5,6.2,1.45,3.3,6.4,1.44,3.4,7.5,1.44,3.5,7,1.45,3.4,7,1.9,1.7,1.45,2.24,-0.5,,,,,,,,,,
356,I2,16/04/05,Albinoleffe,Verona,1,1,D,0,1,A,2.37,2.7,3,2.3,2.75,3.1,2.3,2.7,3,2.3,2.7,2.9,2.2,2.8,3.2,2.3,2.7,3.1,2.3,2.7,3.1,,,2.3,1.42,-0.5,,,,,,,,,,
357,I2,16/04/05,Arezzo,Bari,2,1,H,0,0,D,2.37,2.7,3,2.35,2.5,3.4,2.3,2.6,3.15,2.3,2.6,3,2.3,2.75,3.1,2.3,2.62,3.25,2.35,2.65,3.1,,,2.3,1.42,-0.5,,,,,,,,,,
358,I2,16/04/05,Ascoli,Venezia,1,0,H,1,0,H,1.5,3.25,6.5,1.5,3.5,6,1.48,3.4,6,1.5,3.2,5.8,1.5,3.5,6,1.5,3.4,6,1.45,3.5,6.5,1.8,1.8,1.48,2.17,-0.5,,,,,,,,,,
359,I2,16/04/05,Catanzaro,Vicenza,1,1,D,1,0,H,3.2,3,2.1,3.15,2.95,2.15,3,3,2.12,3.1,2.9,2.1,3.1,3.1,2.1,3,3,2.2,3.2,2.95,2.1,,,1.5,2.12,0.5,,,,,,,,,,
360,I2,16/04/05,Perugia,Torino,1,1,D,0,0,D,2.2,2.62,3.4,2.1,2.7,3.65,2.1,2.65,3.5,2.1,2.6,3.5,2.1,2.7,3.6,2.1,2.7,3.6,2.05,2.6,3.9,,,2.1,1.51,-0.5,,,,,,,,,,
361,I2,16/04/05,Salernitana,Modena,2,2,D,1,1,D,2.25,2.5,3.6,2.25,2.65,3.35,2.25,2.65,3.15,2.2,2.6,3.2,2.2,2.7,3.4,2.25,2.7,3.25,2.25,2.7,3.2,,,2.25,1.44,-0.5,,,,,,,,,,
362,I2,16/04/05,Ternana,Crotone,3,1,H,1,0,H,1.8,2.9,4.5,1.75,2.9,4.9,1.77,2.9,4.4,1.75,2.8,4.5,1.75,3,4.5,1.75,3,4.5,1.75,2.9,4.8,1.95,1.66,1.77,1.75,-0.5,,,,,,,,,,
363,I2,16/04/05,Treviso,Cesena,3,1,H,0,0,D,1.5,3,8,1.5,3.1,7.5,1.55,3,6.25,1.55,3.1,5.5,1.53,3.2,6.5,1.53,3.1,6.5,1.55,3.1,6.2,1.8,1.8,1.55,2.03,-0.5,,,,,,,,,,
364,I2,16/04/05,Triestina,Genoa,0,0,D,0,0,D,3,2.5,2.6,3.25,2.35,2.6,3,2.35,2.65,3,2.5,2.4,3.1,2.5,2.5,3,2.4,2.62,3.05,2.5,2.5,,,,,,,,,,,,,,,
365,I2,20/04/05,Albinoleffe,Arezzo,1,0,H,1,0,H,2,2.7,4,2,2.45,4.7,2,2.5,4.35,2.1,2.4,3.9,2,2.7,3.9,2,2.7,4,1.95,2.75,3.95,,,,,,,,,,,,,,,
366,I2,20/04/05,Bari,Triestina,2,0,H,0,0,D,1.9,2.62,4.5,2,2.5,4.5,1.9,2.55,4.75,1.9,2.5,4.5,1.9,2.7,4.33,1.85,2.7,4.6,1.85,2.75,4.5,,,,,,,,,,,,,,,
367,I2,20/04/05,Cesena,Salernitana,1,1,D,1,1,D,2.25,2.7,3.25,2.1,2.5,4.1,2.2,2.5,3.75,2.2,2.5,3.3,2.2,2.6,3.4,2.1,2.6,3.75,2.1,2.65,3.65,,,,,,,,,,,,,,,
368,I2,20/04/05,Crotone,Ascoli,1,0,H,0,0,D,2.6,2.7,2.7,2.75,2.8,2.5,2.65,2.7,2.65,2.6,2.7,2.6,2.7,2.7,2.6,2.6,2.7,2.7,2.75,2.6,2.65,,,,,,,,,,,,,,,
369,I2,20/04/05,Genoa,Catania,0,0,D,0,0,D,1.5,3.4,6,1.4,3.5,8.1,1.45,3.4,7,1.45,3.3,6.4,1.4,3.5,8,1.4,3.6,7.5,1.45,3.3,7.5,,,,,,,,,,,,,,,
370,I2,20/04/05,Modena,Empoli,1,1,D,0,1,A,2.5,2.62,2.9,2.6,2.5,2.95,2.55,2.35,3.25,2.5,2.5,2.9,2.5,2.4,3.25,2.5,2.5,3.1,2.5,2.35,3.3,,,,,,,,,,,,,,,
371,I2,20/04/05,Pescara,Catanzaro,3,2,H,1,0,H,1.5,3.4,6,1.4,3.75,7,1.45,3.4,7,1.4,3.4,7,1.44,3.4,7,1.44,3.4,7,1.5,3.15,7,,,,,,,,,,,,,,,
372,I2,20/04/05,Piacenza,Ternana,0,2,A,0,0,D,1.8,2.7,5,1.95,2.45,5,1.9,2.65,4.5,1.85,2.6,4.4,1.83,2.62,5,1.83,2.75,4.6,1.9,2.75,4.2,,,,,,,,,,,,,,,
373,I2,20/04/05,Venezia,Torino,0,3,A,0,1,A,3.2,2.75,2.25,3.45,2.8,2.1,3.2,2.8,2.2,3.4,2.8,2,3.1,2.88,2.2,3.2,2.8,2.2,3.2,2.85,2.15,,,,,,,,,,,,,,,
374,I2,20/04/05,Verona,Treviso,2,1,H,1,1,D,2.25,2.62,3.3,2.35,2.55,3.3,2.25,2.5,3.5,2.2,2.6,3.2,2.25,2.62,3.3,2.2,2.62,3.5,2.15,2.5,3.8,,,,,,,,,,,,,,,
375,I2,20/04/05,Vicenza,Perugia,2,2,D,2,1,H,2.7,2.3,3.2,2.9,2.3,2.9,2.7,2.35,3,2.6,2.5,2.8,2.6,2.8,2.6,2.6,2.62,2.8,2.65,2.65,2.7,,,,,,,,,,,,,,,
376,I2,23/04/05,Arezzo,Catanzaro,2,1,H,2,1,H,1.33,4,8,1.3,4.4,8,1.32,4,8.5,1.4,3.4,7,1.33,4,8,1.36,4,7,1.35,4,7.5,,,,,,,,,,,,,,,
377,I2,23/04/05,Catania,Pescara,2,1,H,0,1,A,2,2.5,4.5,1.9,2.5,5.1,,,,1.9,2.4,4.6,1.9,2.5,5,2,2.5,4.5,1.9,2.4,5.4,,,,,,,,,,,,,,,
378,I2,23/04/05,Crotone,Albinoleffe,1,0,H,0,0,D,1.9,2.8,4,2.1,3,3.2,2.05,2.95,3.35,2,2.7,3.6,2,3,3.4,2.05,2.88,3.4,2,2.85,3.6,1.95,1.66,,,,,,,,,,,,,
379,I2,23/04/05,Empoli,Cesena,0,0,D,0,0,D,1.44,3.5,7,1.45,3.5,7,1.42,3.5,7.5,1.45,3.3,6.4,1.44,3.4,7.5,1.44,3.5,7,1.4,3.55,7.5,1.85,1.74,1.42,2.39,-0.5,,,,,,,,,,
380,I2,23/04/05,Perugia,Piacenza,0,1,A,0,1,A,1.66,2.9,5.5,1.65,2.95,5.75,1.6,3,6,1.65,2.8,5.2,1.61,3.1,5.5,1.67,2.88,5.5,1.65,2.8,6,2,1.61,1.6,2,-0.5,,,,,,,,,,
381,I2,23/04/05,Salernitana,Bari,2,2,D,1,1,D,,,,2.2,2.2,4.7,,,,2.2,2.3,3.8,,,,,,,2.2,2.2,4,,,,,,,,,,,,,,,
382,I2,23/04/05,Ternana,Verona,1,1,D,1,0,H,2.2,2.62,3.5,2.2,2.6,3.55,2.2,2.6,3.45,2.1,2.6,3.5,2.2,2.75,3.25,2.2,2.62,3.4,2.1,2.6,3.8,,,,,,,,,,,,,,,
383,I2,23/04/05,Treviso,Venezia,3,0,H,1,0,H,1.33,4,8,1.3,4.4,7,1.3,4.2,8.5,1.35,3.6,7.5,1.33,4,8,1.33,4,8,1.35,3.95,7.5,1.95,1.66,,,,,,,,,,,,,
384,I2,23/04/05,Triestina,Modena,0,2,A,0,0,D,2.1,2.75,3.5,2.2,2.75,3.3,2.2,2.6,3.45,2.2,2.4,3.6,2.3,2.75,3.1,2.2,2.62,3.4,2.2,2.7,3.3,,,,,,,,,,,,,,,
385,I2,25/04/05,Ascoli,Genoa,0,3,A,0,2,A,2.37,2.5,3.25,2.6,2.35,3.2,2.55,2.4,3.15,2.6,2.3,3,2.62,2.4,3,2.5,2.4,3.2,2.5,2.45,3.15,,,,,,,,,,,,,,,
386,I2,25/04/05,Torino,Vicenza,2,1,H,2,1,H,1.5,3.3,6.5,1.45,3.5,7,1.45,3.3,7.5,1.45,3.3,6.4,1.4,3.6,7.5,1.44,3.4,7,1.45,3.35,7.2,1.95,1.66,1.45,2.29,-0.5,,,,,,,,,,
387,I2,29/04/05,Bari,Treviso,1,1,D,0,0,D,2.7,2,4,2.85,1.85,4,2.75,1.95,3.75,2.6,2,3.7,2.6,2,3.75,,,,,,,,,,,,,,,,,,,,,
388,I2,30/04/05,Albinoleffe,Catania,1,0,H,1,0,H,2.37,2.1,4.5,2.25,2.2,4.5,2.35,2,4.65,,,,2.5,2.2,3.75,,,,,,,2.2,1.5,,,,,,,,,,,,,
389,I2,30/04/05,Ascoli,Triestina,1,1,D,0,1,A,1.66,3,5,1.7,2.9,5.4,1.65,2.8,5.75,,,,1.67,2.9,5.5,1.7,2.88,5.25,,,,1.9,1.7,,,,,,,,,,,,,
390,I2,30/04/05,Cesena,Pescara,1,1,D,0,0,D,2.25,2.37,3.75,2.2,2.25,4.45,2.1,2.25,4.5,2.1,2.3,3.8,2.25,2.25,4.2,2.2,2.3,4.2,,,,2.1,1.56,,,,,,,,,,,,,
391,I2,30/04/05,Genoa,Ternana,1,1,D,0,1,A,1.4,3.5,8,1.45,3.5,7,1.4,3.75,7.5,1.45,3.3,6.4,1.36,3.75,8,1.4,3.75,7,,,,1.66,1.95,1.4,2.5,-0.5,,,,,,,,,,
392,I2,30/04/05,Modena,Torino,0,0,D,0,0,D,2.25,2.5,3.6,2.2,2.5,3.7,2.2,2.5,3.6,2.2,2.5,3.3,2.1,2.6,3.75,2.25,2.5,3.6,,,,2.1,1.56,,,,,,,,,,,,,
393,I2,30/04/05,Piacenza,Arezzo,3,0,H,1,0,H,1.66,2.87,5.5,1.75,2.9,4.9,1.7,2.8,5.5,,,,1.62,3,5.5,1.73,2.88,5,,,,1.95,1.66,,,,,,,,,,,,,
394,I2,30/04/05,Venezia,Perugia,2,4,A,1,3,A,5,3.5,1.57,4.5,3.9,1.55,4.5,3.65,1.55,,,,4.5,3.4,1.62,5,3.6,1.53,,,,1.85,1.74,,,,,,,,,,,,,
395,I2,30/04/05,Verona,Crotone,0,0,D,0,0,D,1.57,3.5,5,1.55,3.4,5.5,1.55,3.3,6,1.55,3.1,5.5,1.53,3.4,5.5,1.53,3.4,5.5,,,,1.9,1.7,1.55,2.13,-0.5,,,,,,,,,,
396,I2,30/04/05,Vicenza,Salernitana,4,1,H,2,0,H,2.2,2.5,3.75,2.15,2.5,3.9,2.1,2.5,4.25,2.2,2.1,4,2,2.6,4,2.1,2.5,4,,,,1.9,1.7,,,,,,,,,,,,,
397,I2,02/05/05,Catanzaro,Empoli,2,3,A,1,1,D,,,,4.5,3.9,1.55,5,4,1.5,,,,5.5,4,1.44,5,3.8,1.5,,,,1.8,1.8,2.22,1.5,0.5,,,,,,,,,,
398,I2,06/05/05,Modena,Cesena,4,0,H,1,0,H,1.61,3,6,1.65,2.95,5.7,1.6,3,6,1.75,2.7,4.5,1.57,3,6.5,1.62,3,5.75,,,,2,1.61,1.6,2,-0.5,,,,,,,,,,
399,I2,07/05/05,Catania,Treviso,3,0,H,0,0,D,3,1.9,3.75,3.1,1.8,3.9,2.8,1.95,3.6,,,,3.2,1.8,3.6,,,,,,,,,2.8,1.26,-0.5,,,,,,,,,,
400,I2,07/05/05,Crotone,Genoa,0,0,D,0,0,D,3,2.37,2.75,3.25,2.45,2.45,3.1,2.4,2.5,3.1,2.3,2.5,3,2.5,2.5,3.1,2.5,2.5,3.15,2.4,2.55,1.85,1.74,1.35,2.5,0.5,,,,,,,,,,
401,I2,07/05/05,Empoli,Vicenza,2,1,H,0,1,A,1.5,3.2,7,1.55,3.1,6.5,1.5,3.15,7,1.45,3.2,6.6,1.5,3.1,7.5,1.5,3.2,7,1.5,3.05,7.5,,,1.5,2.17,-0.5,,,,,,,,,,
402,I2,07/05/05,Perugia,Catanzaro,3,1,H,2,1,H,1.12,6,15,1.13,6,14,1.12,6,13,1.12,6,12,1.12,6.5,13,1.14,6,12,1.12,5.8,15,,,1.12,4.11,-0.5,,,,,,,,,,
403,I2,07/05/05,Pescara,Verona,1,1,D,0,0,D,2.6,2.25,3.4,2.5,2.3,3.5,2.4,2.35,3.4,,,,2.4,2.38,3.5,2.4,2.38,3.5,2.45,2.2,3.75,1.95,1.66,2.4,1.39,-0.5,,,,,,,,,,
404,I2,07/05/05,Piacenza,Triestina,0,0,D,0,0,D,1.72,2.87,5,1.75,2.7,5.5,1.7,2.8,5.5,1.7,2.9,4.5,1.67,2.9,5.5,1.73,2.88,5,1.7,2.85,5.3,1.8,1.8,1.7,1.86,-0.5,,,,,,,,,,
405,I2,07/05/05,Ternana,Ascoli,2,0,H,1,0,H,2.1,2.6,3.75,2.2,2.5,3.75,2.15,2.5,3.75,,,,2.2,2.5,3.75,2.2,2.5,3.75,2.1,2.5,3.95,2,1.61,2.15,1.5,-0.5,,,,,,,,,,
406,I2,07/05/05,Torino,Arezzo,1,0,H,1,0,H,1.36,3.75,8,1.4,3.55,8,1.35,3.8,8,1.35,3.5,7.7,1.4,3.75,7,1.36,3.75,8,1.4,3.45,8,1.8,1.8,1.35,2.58,-0.5,,,,,,,,,,
407,I2,07/05/05,Venezia,Bari,1,0,H,1,0,H,4.5,3.25,1.66,4.4,3.4,1.67,4.25,3.25,1.65,,,,5,3.25,1.62,4.33,3.25,1.7,5,3.1,1.65,,,1.84,1.65,0.5,,,,,,,,,,
408,I2,09/05/05,Salernitana,Albinoleffe,1,1,D,1,1,D,1.8,2.87,4.5,1.75,2.85,5,1.75,2.8,4.75,1.75,2.8,4.75,1.8,2.8,4.5,1.8,2.8,4.75,1.75,2.9,4.75,1.9,1.7,1.75,1.76,-0.5,,,,,,,,,,
409,I2,13/05/05,Verona,Perugia,1,2,A,0,2,A,2.5,2.5,3.1,2.5,2.45,3.2,2.45,2.5,3.15,,,,2.4,2.5,3.2,2.4,2.5,3.2,,,,,,2.45,1.39,-0.5,,,,,,,,,,
410,I2,14/05/05,Albinoleffe,Ternana,3,1,H,1,0,H,2.75,2.1,3.5,2.65,2.05,3.6,,,,,,,2.7,2,3.75,,,,,,,,,,,,,,,,,,,,,
411,I2,14/05/05,Arezzo,Salernitana,1,0,H,1,0,H,2.2,2.62,3.5,2.05,2.65,3.9,2.05,2.7,3.7,2,2.6,3.8,2,2.62,4,2.1,2.7,3.6,2.05,2.7,3.75,,,2.05,1.56,-0.5,,,,,,,,,,
412,I2,14/05/05,Ascoli,Pescara,1,0,H,0,0,D,1.83,2.5,5.5,1.9,2.4,5.5,1.9,2.4,5.25,,,,2,2.4,4.5,1.85,2.5,5.5,1.9,2.4,5.5,,,,,,,,,,,,,,,
413,I2,14/05/05,Bari,Piacenza,1,0,H,0,0,D,2.37,2.37,3.5,2.4,2.2,3.75,2.3,2.25,3.85,,,,2.4,2.2,3.75,,,,,,,,,,,,,,,,,,,,,
414,I2,14/05/05,Catania,Empoli,1,3,A,1,0,H,2.6,2.25,3.4,2.7,2.25,3.1,2.65,2.25,3.2,2.4,2.5,3,2.6,2.2,3.3,,,,,,,,,,,,,,,,,,,,,
415,I2,14/05/05,Catanzaro,Torino,1,1,D,0,1,A,8,5,1.25,7,4.5,1.33,,,,8,4.3,1.25,,,,,,,,,,,,,,,,,,,,,,,,
416,I2,14/05/05,Genoa,Cesena,3,3,D,1,1,D,1.36,3.75,8,1.4,3.7,7.5,1.35,3.75,8,1.45,3.2,6.5,1.4,3.6,7,1.36,3.75,8,1.35,3.8,8,,,,,,,,,,,,,,,
417,I2,14/05/05,Treviso,Crotone,2,2,D,0,1,A,1.53,3.25,6,1.55,3.25,6,1.53,3.2,6,1.5,3.2,5.8,1.57,3.2,5.5,1.53,3.25,6,1.5,3.15,7,,,,,,,,,,,,,,,
418,I2,14/05/05,Vicenza,Modena,2,2,D,1,1,D,2.6,2.37,3.2,2.6,2.3,3.3,2.55,2.35,3.15,,,,2.75,2.3,3,2.5,2.4,3.25,,,,,,,,,,,,,,,,,,
419,I2,16/05/05,Triestina,Venezia,1,1,D,0,0,D,1.28,4.5,8,1.25,4.6,8.6,1.26,4.5,8,1.3,3.9,8,1.25,4.5,9,1.3,4.3,8,,,,,,,,,,,,,,,,,,
420,I2,21/05/05,Catanzaro,Treviso,1,4,A,1,2,A,5.5,3.6,1.5,5.25,3.5,1.55,5.4,3.6,1.5,,,,,,,,,,,,,1.5,3.6,,,,,,,,,,,,,
421,I2,21/05/05,Cesena,Ascoli,1,2,A,1,1,D,2.29,2.5,3.39,2.3,2.4,3.75,2.2,2.5,3.7,,,,2.25,2.6,3.4,2.3,2.5,3.4,2.3,2.4,3.6,3.7,2.5,2.2,1.49,-0.5,,,,,,,,,,
422,I2,21/05/05,Empoli,Genoa,0,0,D,0,0,D,2.75,1.72,5.5,2.75,1.75,5.1,,,,,,,2.75,1.75,5,,,,,,,,,,,,,,,,,,,,,
423,I2,21/05/05,Modena,Bari,0,0,D,0,0,D,1.5,3.25,7,1.65,3,5.5,1.55,3,6.4,,,,1.73,2.88,5,1.62,3,5.75,1.6,3,6,6.4,3,,,,,,,,,,,,,
424,I2,21/05/05,Perugia,Arezzo,1,0,H,1,0,H,1.5,3,8,1.6,2.85,7,1.5,3,7.6,1.5,3.3,5.5,1.5,3.2,7,1.53,3,7,1.5,3.15,7,7.6,3,,,,,,,,,,,,,
425,I2,21/05/05,Pescara,Ternana,1,1,D,0,1,A,1.61,3.1,5.5,,,,1.65,2.95,5.4,,,,1.83,2.75,4.5,1.85,2.75,4.5,,,,5.4,2.95,1.65,1.91,-0.5,,,,,,,,,,
426,I2,21/05/05,Piacenza,Albinoleffe,1,1,D,1,0,H,1.66,2.87,5.5,1.9,2.7,4.5,1.75,2.85,4.9,,,,1.91,2.8,4,1.8,2.88,4.5,1.75,2.85,5,4.9,2.85,1.75,1.8,-0.5,,,,,,,,,,
427,I2,21/05/05,Salernitana,Catania,1,0,H,1,0,H,1.57,3,6.5,1.8,2.7,5.1,1.7,2.85,5.25,,,,1.8,2.9,4.5,1.8,2.75,4.75,1.75,2.8,5,5.25,2.85,1.7,1.85,-0.5,,,,,,,,,,
428,I2,21/05/05,Torino,Triestina,1,0,H,0,0,D,1.44,3.5,7,1.43,3.4,7.75,1.4,3.6,7.5,1.4,3.4,7,1.44,3.25,8,1.44,3.6,6.5,1.4,3.5,8,7.5,3.6,,,,,,,,,,,,,
429,I2,21/05/05,Venezia,Crotone,0,0,D,0,0,D,3.29,3.29,1.9,2.95,3.55,2,2.85,3.65,1.95,,,,3.1,3.3,2,2.9,3.25,2.1,,,,1.95,3.65,1.6,1.95,0.5,,,,,,,,,,
430,I2,21/05/05,Vicenza,Verona,0,0,D,0,0,D,2,2.7,4,2.15,2.7,3.5,2,2.7,3.9,,,,2,2.8,3.75,2,2.7,4,2,2.65,4,3.9,2.7,2,1.6,-0.5,,,,,,,,,,
431,I2,27/05/05,Bari,Pescara,1,1,D,0,1,A,2.62,1.66,7,2.95,1.55,7.25,2.35,1.7,7,,,,2.2,1.9,5.5,,,,2.15,1.85,7,,,,,,,,,,,,,,,
432,I2,28/05/05,Albinoleffe,Cesena,1,1,D,1,1,D,2.5,2.2,3.75,2.45,2.25,3.7,2.31,2.1,4,,,,2.5,2.1,3.75,,,,2.25,2.1,4.4,1.95,1.66,,,,,,,,,,,,,
433,I2,28/05/05,Arezzo,Venezia,1,0,H,0,0,D,1.19,5.5,9,1.2,5.7,9,,,,,,,1.17,5.5,9,,,,,,,,,,,,,,,,,,,,,
434,I2,28/05/05,Ascoli,Perugia,0,1,A,0,1,A,2.62,2.1,3.75,2.7,2.05,3.75,2.6,2.1,3.65,,,,2.7,1.9,4.2,,,,2.6,2,3.8,2.1,1.56,,,,,,,,,,,,,
435,I2,28/05/05,Catania,Modena,0,1,A,0,0,D,3.5,2.62,2.2,3.3,2.75,2.2,3.3,2.75,2.2,,,,3.25,2.6,2.2,3.2,2.7,2.25,2.05,2.7,2.2,1.9,1.7,1.44,2.25,0.5,,,,,,,,,,
436,I2,28/05/05,Crotone,Piacenza,1,0,H,1,0,H,1.83,3.2,3.75,1.7,3.6,3.9,1.75,3.25,3.85,,,,1.83,3.1,3.75,1.75,3.25,4,1.85,3.1,3.5,,,1.75,1.76,-0.5,,,,,,,,,,
437,I2,28/05/05,Genoa,Catanzaro,3,1,H,1,0,H,1.1,7,13,1.08,7.7,15,,,,,,,1.14,5.5,13,,,,,,,,,,,,,,,,,,,,,
438,I2,28/05/05,Ternana,Torino,1,1,D,0,0,D,4.5,2.75,1.9,4.3,2.75,1.9,4,2.6,2,,,,4,2.6,2,3.75,2.6,2.1,3.65,2.6,2.05,2,1.61,1.51,2.1,0.5,,,,,,,,,,
439,I2,28/05/05,Treviso,Empoli,0,1,A,0,1,A,3.2,1.72,4.2,3.65,1.6,4.5,3.3,1.7,3.75,,,,3.25,1.67,4.5,,,,3.1,1.75,4,,,,,,,,,,,,,,,
440,I2,28/05/05,Triestina,Vicenza,1,1,D,0,0,D,1.9,2.62,4.5,2,2.5,4.5,1.95,2.5,4.5,,,,1.9,2.6,4.5,2,2.5,4.5,1.9,2.5,4.5,2,1.61,1.95,1.61,-0.5,,,,,,,,,,
441,I2,28/05/05,Verona,Salernitana,1,1,D,1,0,H,1.8,2.75,5,1.8,2.8,4.8,1.9,2.65,4.55,,,,2,2.6,4,1.85,2.6,5,1.85,2.6,4.5,2,1.61,1.85,1.67,-0.5,,,,,,,,,,
442,I2,05/06/05,Catanzaro,Verona,1,1,D,0,0,D,,,,,,,,,,,,,,,,,,,,,,,,,,,,,,,,,,,,
443,I2,05/06/05,Cesena,Ternana,2,0,H,2,0,H,1.33,4.33,7,1.35,4,7.5,1.35,3.85,7,1.3,3.9,7.5,,,,1.3,4.2,8.5,,,,,,,,,,,,,,,,,,
444,I2,05/06/05,Empoli,Arezzo,1,1,D,0,0,D,,,,,,,3,1.35,13,,,,,,,,,,,,,,,,,,,,,,,,,,,
445,I2,05/06/05,Modena,Treviso,1,1,D,0,0,D,1.66,2.9,5.5,1.77,2.85,4.85,1.7,2.85,5.5,,,,,,,1.7,2.8,5.5,,,,,,,,,,,,,,,,,,
446,I2,05/06/05,Perugia,Triestina,1,0,H,1,0,H,1.57,2.87,7,1.6,2.85,6.75,1.6,2.75,7,1.5,3,6.2,,,,1.57,2.8,7.5,,,,,,,,,,,,,,,,,,
447,I2,05/06/05,Pescara,Crotone,1,4,A,1,2,A,2,2.8,3.75,1.95,2.8,4,2,2.85,3.75,2.1,2.7,3.4,,,,2,2.8,3.75,,,,,,2,1.62,-0.5,,,,,,,,,,
448,I2,05/06/05,Piacenza,Genoa,2,2,D,1,0,H,9,2.5,1.61,9,2.75,1.55,8,2.35,1.65,7,2.3,1.7,,,,8.5,2.6,1.62,,,,,,,,,,,,,,,,,,
449,I2,05/06/05,Salernitana,Ascoli,2,1,H,0,1,A,2.1,2.62,3.75,2.2,2.55,3.65,2.2,2.55,3.6,,,,,,,2.25,2.62,3.3,,,,,,,,,,,,,,,,,,
450,I2,05/06/05,Torino,Albinoleffe,3,1,H,2,1,H,1.2,5,10,1.2,5.25,10,1.17,5,10,1.15,5.2,10,,,,1.2,5,11,,,,,,,,,,,,,,,,,,
451,I2,05/06/05,Venezia,Catania,1,1,D,0,1,A,,,,,,,,,,,,,,,,,,,,,,,,,,,,,,,,,,,,
452,I2,05/06/05,Vicenza,Bari,0,0,D,0,0,D,1.4,3.25,9.5,1.33,3.9,9,1.4,3.25,8,,,,,,,,,,,,,,,1.4,2.31,-0.5,,,,,,,,,,
453,I2,11/06/05,Albinoleffe,Perugia,0,1,A,0,1,A,,,,4.55,2.75,1.75,,,,,,,,,,4.75,3,1.73,,,,,,,,,,,,,,,,,,
454,I2,11/06/05,Arezzo,Vicenza,3,0,H,1,0,H,,,,2,2.55,4.15,2.05,2.6,4,,,,,,,2,2.62,4,,,,,,,,,,,,,,,,,,
455,I2,11/06/05,Ascoli,Modena,1,0,H,1,0,H,,,,2.2,2.6,3.4,2.2,2.6,3.5,,,,,,,2.2,2.62,3.4,,,,,,,,,,,,,,,,,,
456,I2,11/06/05,Bari,Empoli,4,1,H,2,0,H,,,,,,,5,1.5,3.5,,,,,,,,,,,,,,,,,,,,,,,,,,,
457,I2,11/06/05,Catania,Cesena,2,0,H,1,0,H,,,,1.95,2.1,6.1,2,2.2,6,,,,,,,2,2.1,6.5,,,,,,,,,,,,,,,,,,
458,I2,11/06/05,Crotone,Salernitana,4,1,H,3,0,H,,,,,,,1.1,7,14,,,,,,,,,,,,,,,,,,,,,,,,,,,
459,I2,11/06/05,Genoa,Venezia,3,2,H,1,1,D,,,,,,,,,,,,,,,,,,,,,,,,,,,,,,,,,,,,
460,I2,11/06/05,Ternana,Catanzaro,3,2,H,2,0,H,,,,,,,1.5,3,6,,,,,,,,,,,,,,,,,,,,,,,,,,,
461,I2,11/06/05,Treviso,Torino,0,1,A,0,0,D,,,,4.85,2.55,1.8,4.25,2.85,1.8,,,,,,,3.8,2.8,1.95,,,,,,,,,,,,,,,,,,
462,I2,11/06/05,Triestina,Pescara,3,0,H,1,0,H,,,,,,,1.65,3,5,,,,,,,1.7,3.2,4.5,,,,,,,,,,,,,,,,,,
463,I2,11/06/05,Verona,Piacenza,1,0,H,0,0,D,,,,2.2,2.2,4.1,2.2,2.2,4.5,,,,,,,2.2,2.25,4.5,,,,,,,,,,,,,,,,,,
